Id,UserName,FullName,Email,PhoneNumber,Company,IsEmployee
79062,Bryce,Bryce Filipyev,bfilipyev0@usgs.gov,505-295-3649,Eayo,false
29880,Jillie,Jillie Garnar,jgarnar1@answers.com,270-444-8316,Quire,false
6622,Nicolis,Nicolis Waddington,nwaddington2@i2i.jp,917-274-3628,Linkbuzz,true
6845,Kathryne,Kathryne Dudmarsh,kdudmarsh3@wikia.com,471-758-2529,Skinte,true
93037,Jennee,Jennee Fouracres,jfouracres4@usa.gov,708-400-5076,Skiptube,true
056,Alfreda,Alfreda Roddell,aroddell5@wsj.com,631-385-8583,Tanoodle,false
625,Lorelei,Lorelei Rush,lrush6@blog.com,345-304-7420,Browsedrive,true
66096,Murray,Murray Chattell,mchattell7@pinterest.com,833-380-8525,Rhynyx,false
7,Waylen,Waylen Engelmann,wengelmann8@tamu.edu,486-439-4769,Yozio,false
62,Marcus,Marcus Scholtz,mscholtz9@go.com,500-832-0407,Riffpath,true
4,Putnam,Putnam Polye,ppolyea@microsoft.com,254-810-2386,Nlounge,true
3029,Burlie,Burlie Tickle,btickleb@mediafire.com,990-342-8107,Tavu,true
1,Juana,Juana Houchen,jhouchenc@soup.io,956-484-9118,Tagopia,true
42327,Vin,Vin Cairney,vcairneyd@delicious.com,659-946-1690,LiveZ,false
99481,Kimberlyn,Kimberlyn Hampshaw,khampshawe@over-blog.com,222-442-7106,Chatterpoint,true
17192,Edeline,Edeline Bowmaker,ebowmakerf@blogspot.com,110-670-4237,Skaboo,true
75,Faina,Faina Blackly,fblacklyg@printfriendly.com,880-546-4803,Trunyx,true
75,Colman,Colman Carbin,ccarbinh@addthis.com,604-476-4827,Centidel,true
83192,Gertruda,Gertruda Binham,gbinhami@columbia.edu,643-317-0577,Blogspan,false
14211,Melesa,Melesa Pettis,mpettisj@nbcnews.com,433-944-3814,Edgewire,false
03267,Madelaine,Madelaine Garron,mgarronk@cloudflare.com,717-241-5112,Skalith,false
83285,Coralyn,Coralyn Belcher,cbelcherl@gov.uk,822-713-4649,Cogibox,true
2789,Corbin,Corbin Flowitt,cflowittm@foxnews.com,358-815-3684,Avavee,false
9,Lynett,Lynett Jorger,ljorgern@bigcartel.com,775-936-1229,Twitterworks,true
83,Franklin,Franklin Docwra,fdocwrao@cdc.gov,127-804-9409,Oyoloo,false
16714,Micky,Micky Stonnell,mstonnellp@bing.com,607-263-8445,Muxo,false
519,Colet,Colet Oldroyde,coldroydeq@ted.com,745-781-8945,Youopia,false
1647,Wynn,Wynn McGowran,wmcgowranr@washington.edu,385-685-6342,Babbleblab,true
6252,Leland,Leland Childers,lchilderss@deviantart.com,423-275-1642,Abata,false
5,Elisabet,Elisabet Aimer,eaimert@bloomberg.com,413-400-4327,InnoZ,true
572,Marthe,Marthe Paintain,mpaintainu@360.cn,375-381-4920,Voolia,false
0827,Merrill,Merrill Cockrem,mcockremv@altervista.org,498-207-9537,Photofeed,false
33635,Leoline,Leoline Gusney,lgusneyw@constantcontact.com,978-211-2249,Vimbo,false
739,Marjory,Marjory Dickerson,mdickersonx@auda.org.au,464-795-6886,Oyoloo,false
81,Sheelagh,Sheelagh VanBrugh,svanbrughy@buzzfeed.com,644-740-1672,Ntag,true
95,Renelle,Renelle Coule,rcoulez@livejournal.com,662-956-2626,Trupe,false
0,Myrtie,Myrtie Dacres,mdacres10@dagondesign.com,103-705-8265,Voolith,true
63,Clay,Clay Bellham,cbellham11@addthis.com,640-530-3604,Kaymbo,true
092,Obediah,Obediah Cranmore,ocranmore12@google.ca,371-918-5053,Zava,true
6206,Merv,Merv O'Clery,moclery13@noaa.gov,826-482-6895,Skimia,false
4,Emily,Emily Duinbleton,eduinbleton14@icio.us,789-779-2846,Browseblab,false
9994,Maren,Maren Carmichael,mcarmichael15@cyberchimps.com,196-537-8018,Izio,true
49184,Lorry,Lorry Wrintmore,lwrintmore16@eventbrite.com,279-347-4525,Rooxo,true
98,Wake,Wake Montier,wmontier17@fastcompany.com,261-447-8490,Jaxspan,true
1630,Marget,Marget Mahoney,mmahoney18@blog.com,205-955-3427,Twinte,true
334,Prinz,Prinz Shambrooke,pshambrooke19@webeden.co.uk,102-538-0696,Omba,true
8915,Cathleen,Cathleen McArd,cmcard1a@canalblog.com,638-513-3337,Topicware,false
257,Sandra,Sandra Magnay,smagnay1b@wix.com,433-988-1025,Twitterlist,true
7359,Ira,Ira Marten,imarten1c@irs.gov,521-179-7346,Rhyzio,false
66776,Caresa,Caresa Cartin,ccartin1d@linkedin.com,743-776-9188,Devbug,true
507,Bliss,Bliss McKilroe,bmckilroe1e@wikimedia.org,104-786-4150,Jetwire,true
5,Gilbert,Gilbert Leyrroyd,gleyrroyd1f@google.ru,243-993-2848,Chatterbridge,false
33179,Dotti,Dotti Trollope,dtrollope1g@oracle.com,760-304-9858,Mybuzz,true
85,Luther,Luther Tompkinson,ltompkinson1h@parallels.com,674-197-0699,Minyx,true
14190,Laney,Laney Pendlenton,lpendlenton1i@examiner.com,847-999-0216,Shufflebeat,true
3,Cirilo,Cirilo Neild,cneild1j@ft.com,280-600-6440,Skilith,false
1063,Raviv,Raviv Windrass,rwindrass1k@weebly.com,215-309-8705,Brainverse,false
7442,Trevar,Trevar Gerwood,tgerwood1l@epa.gov,121-333-8331,Jaxspan,true
7474,Syman,Syman Deyenhardt,sdeyenhardt1m@comsenz.com,370-861-5730,Dablist,false
41003,Deni,Deni Bellinger,dbellinger1n@imdb.com,631-956-2083,Zoonder,false
80,Arabela,Arabela Cossell,acossell1o@instagram.com,270-179-7992,Yata,true
3,Cathe,Cathe Idle,cidle1p@geocities.jp,487-820-8294,Brightbean,false
77637,Hakeem,Hakeem Dunsire,hdunsire1q@altervista.org,377-781-3703,Shuffletag,false
22706,Erl,Erl Growcott,egrowcott1r@washington.edu,626-614-5622,Fliptune,false
48339,Germain,Germain Trigg,gtrigg1s@nymag.com,610-781-3015,Flashpoint,false
347,Lizzie,Lizzie Minnock,lminnock1t@homestead.com,359-307-5808,Fliptune,false
1,Sharon,Sharon Sowte,ssowte1u@wix.com,235-944-2866,Agivu,true
60897,Mariellen,Mariellen Rourke,mrourke1v@live.com,477-841-1835,Zoombox,true
381,Josiah,Josiah Beglin,jbeglin1w@indiegogo.com,826-104-1667,Janyx,true
21,Jarrid,Jarrid Dionis,jdionis1x@goodreads.com,874-211-4824,Kanoodle,false
6,Henryetta,Henryetta Bradshaw,hbradshaw1y@flavors.me,677-926-0479,Izio,false
88,Margaretta,Margaretta Fine,mfine1z@sun.com,508-380-4798,Bubblemix,true
2627,Malchy,Malchy Paulazzi,mpaulazzi20@edublogs.org,798-966-5530,Dabjam,true
149,Shelba,Shelba Latour,slatour21@soundcloud.com,310-765-2137,Katz,false
0918,Keefe,Keefe Vinecombe,kvinecombe22@sun.com,356-190-2270,Livetube,false
633,Giulietta,Giulietta Exter,gexter23@devhub.com,721-451-6237,Mynte,false
517,Carlie,Carlie Parfitt,cparfitt24@webmd.com,514-139-6558,Tagcat,true
60,Rasla,Rasla Penwell,rpenwell25@hc360.com,353-420-5927,Kare,true
44,Judy,Judy Shawcross,jshawcross26@wordpress.org,244-510-2985,Brainbox,false
45404,Hettie,Hettie FitzAlan,hfitzalan27@senate.gov,925-270-8082,Vitz,false
846,Morgan,Morgan Hourston,mhourston28@csmonitor.com,687-374-3203,Camimbo,true
200,Ardene,Ardene Romanini,aromanini29@cnbc.com,910-115-8129,Oloo,false
849,Sheelagh,Sheelagh Seeds,sseeds2a@google.fr,531-701-4867,Yodoo,false
877,Kynthia,Kynthia Brennand,kbrennand2b@utexas.edu,546-871-5373,Livefish,false
236,Nestor,Nestor O'Hern,nohern2c@barnesandnoble.com,117-343-2873,Jayo,true
0889,Mirna,Mirna Briers,mbriers2d@sbwire.com,994-403-8850,Skiptube,true
00,Harry,Harry Sam,hsam2e@sfgate.com,465-790-5292,Flipopia,false
0,Lonni,Lonni Gelardi,lgelardi2f@i2i.jp,403-317-0681,Agimba,true
64461,Katha,Katha Fraschetti,kfraschetti2g@yahoo.co.jp,168-362-3348,Browsezoom,false
68,Antons,Antons Ivain,aivain2h@mozilla.com,464-829-1013,Twimbo,false
8,Margit,Margit Cooch,mcooch2i@wikia.com,669-583-6778,Topdrive,false
6716,Kellyann,Kellyann Gircke,kgircke2j@dion.ne.jp,508-580-3917,Topicware,false
224,Mitch,Mitch Beamish,mbeamish2k@merriam-webster.com,121-260-1526,Thoughtbeat,true
6747,Marshal,Marshal McMurthy,mmcmurthy2l@shinystat.com,310-939-4602,Meembee,false
58233,Feodor,Feodor McElwee,fmcelwee2m@auda.org.au,949-968-5740,Jaxspan,false
5236,Virgilio,Virgilio Broadnicke,vbroadnicke2n@addthis.com,956-945-9471,Mydo,true
73,Alonso,Alonso Husbands,ahusbands2o@japanpost.jp,697-825-1968,Eayo,true
9813,Colver,Colver Maruska,cmaruska2p@netlog.com,646-339-6470,Feedfire,true
7,Hermie,Hermie Bazeley,hbazeley2q@epa.gov,480-425-2487,Devify,true
92,Florella,Florella Danielsen,fdanielsen2r@psu.edu,711-148-6394,Brainsphere,true
4930,Mario,Mario Winnister,mwinnister2s@csmonitor.com,471-318-7963,Jabbersphere,false
39463,Arabele,Arabele Cankett,acankett2t@scientificamerican.com,298-742-4863,Jatri,false
19946,Phil,Phil Giacoppo,pgiacoppo2u@globo.com,210-572-2950,Tekfly,true
49511,Nollie,Nollie Wray,nwray2v@nih.gov,919-797-7852,Realcube,false
60958,Tate,Tate Haseman,thaseman2w@networkadvertising.org,477-988-0115,Chatterbridge,false
61597,Pincus,Pincus Putten,pputten2x@opera.com,385-980-4176,Topdrive,false
7,Elisa,Elisa Knowlson,eknowlson2y@360.cn,234-791-3826,Edgeblab,true
212,Eddy,Eddy Absolem,eabsolem2z@tripod.com,699-778-7465,Aibox,false
0,Coralie,Coralie Arnfield,carnfield30@google.com,763-436-2266,Edgetag,false
21352,Welsh,Welsh Gillani,wgillani31@ca.gov,664-691-3704,Tagchat,true
25,Anne-marie,Anne-marie Grivori,agrivori32@marketwatch.com,860-593-8613,Quinu,true
8743,Jeffy,Jeffy Ellgood,jellgood33@apple.com,333-596-2362,Riffpedia,false
003,Raye,Raye Hylton,rhylton34@de.vu,351-826-2964,Innotype,false
29786,Eric,Eric Thursfield,ethursfield35@phpbb.com,615-872-5667,Kwimbee,false
40,Linnie,Linnie Kauble,lkauble36@csmonitor.com,570-690-0511,Dynazzy,false
5339,Brear,Brear Balassa,bbalassa37@narod.ru,890-752-3098,Voomm,true
0,Meridel,Meridel Wolfarth,mwolfarth38@w3.org,603-304-7932,Linkbuzz,true
8,Lief,Lief Mickleborough,lmickleborough39@senate.gov,764-838-1331,Fivechat,true
6060,Zach,Zach Whittam,zwhittam3a@ibm.com,964-525-7580,Jabberbean,true
67,Imogene,Imogene Hoggetts,ihoggetts3b@typepad.com,402-987-8394,Browseblab,true
13264,Matelda,Matelda Pawelek,mpawelek3c@columbia.edu,865-816-8837,Vimbo,false
354,Mara,Mara Trighton,mtrighton3d@paypal.com,705-956-5637,Leenti,true
0,Kathleen,Kathleen Durman,kdurman3e@devhub.com,859-665-1793,Babbleopia,false
77776,Beverly,Beverly Riddiford,briddiford3f@princeton.edu,627-873-6624,Thoughtblab,false
47102,Jacenta,Jacenta Eayrs,jeayrs3g@jimdo.com,143-704-6639,Leenti,true
21,Cariotta,Cariotta McGrath,cmcgrath3h@yellowpages.com,681-709-8190,Fivespan,true
72,Lari,Lari Barnson,lbarnson3i@barnesandnoble.com,547-336-1521,Fiveclub,true
3425,Dana,Dana Constantine,dconstantine3j@mlb.com,654-966-0459,Blogpad,false
2471,Merl,Merl Schankelborg,mschankelborg3k@narod.ru,571-724-5566,Nlounge,true
91185,Edd,Edd Marland,emarland3l@sciencedirect.com,388-709-8848,Shufflebeat,false
04,Balduin,Balduin Paxman,bpaxman3m@hostgator.com,937-945-6262,Tavu,false
4,Salome,Salome Reaman,sreaman3n@storify.com,310-666-5999,Eazzy,false
31588,Dominica,Dominica Lyte,dlyte3o@printfriendly.com,274-951-8736,Tagpad,false
621,Chrystal,Chrystal Spini,cspini3p@github.com,868-316-9363,Demizz,false
8,Kerwin,Kerwin Grandison,kgrandison3q@behance.net,803-919-9248,Dynazzy,false
1,Noble,Noble Lanfere,nlanfere3r@histats.com,486-375-0544,Wordtune,true
89836,Gwenneth,Gwenneth Sutherley,gsutherley3s@mlb.com,481-552-8326,Feedbug,false
5633,Clemmie,Clemmie Sarfass,csarfass3t@g.co,288-449-3994,Babbleblab,true
03955,Juanita,Juanita Ballantyne,jballantyne3u@pen.io,947-369-6977,Aibox,false
7,Paolina,Paolina Devany,pdevany3v@japanpost.jp,802-184-3808,Voonix,false
35,Elliot,Elliot Kemmis,ekemmis3w@umich.edu,707-785-0293,Tambee,true
9639,Gilberto,Gilberto Jindra,gjindra3x@google.ca,302-890-0506,Brainsphere,true
89,Massimiliano,Massimiliano Winton,mwinton3y@princeton.edu,984-918-3775,Blogpad,true
6387,Ravid,Ravid Goaks,rgoaks3z@nymag.com,395-551-4258,Photospace,false
5602,Bridgette,Bridgette Rault,brault40@wsj.com,989-870-7470,Jabbercube,true
937,Kevina,Kevina Kingswoode,kkingswoode41@about.com,259-529-6472,Browseblab,true
079,Mitzi,Mitzi Ragbourn,mragbourn42@geocities.jp,767-202-3547,Zoomlounge,true
01,Jesselyn,Jesselyn Flescher,jflescher43@tumblr.com,959-798-3062,Eayo,true
0,Herrick,Herrick Ayars,hayars44@rakuten.co.jp,908-167-3964,Realbuzz,false
6111,Noll,Noll Dutnell,ndutnell45@netlog.com,336-274-5723,Zoonder,true
7126,Abel,Abel Vallow,avallow46@jigsy.com,982-249-9211,Aimbu,true
40,Clemmy,Clemmy Franken,cfranken47@netlog.com,172-166-8557,Vinte,false
1004,Mufi,Mufi Melsome,mmelsome48@springer.com,559-802-5581,Oyoyo,true
884,Geralda,Geralda Le Provest,gle49@google.cn,236-787-0360,Zoozzy,false
21,Janeva,Janeva Local,jlocal4a@xrea.com,881-599-0382,Gabvine,true
7,Alex,Alex Mant,amant4b@artisteer.com,864-193-2221,Kazu,true
7,Lona,Lona Patemore,lpatemore4c@discuz.net,985-339-0118,Youbridge,false
3019,Flss,Flss Luna,fluna4d@trellian.com,111-845-2373,Yakidoo,false
57957,Gabby,Gabby Redmile,gredmile4e@economist.com,275-567-5931,Bubblemix,false
54,Terese,Terese Bartlosz,tbartlosz4f@php.net,660-755-8693,JumpXS,false
2315,Mill,Mill Wettern,mwettern4g@oaic.gov.au,962-854-7332,Ozu,false
99,Charlie,Charlie Rolfini,crolfini4h@ft.com,957-527-1865,Yotz,true
98956,Audy,Audy Ipgrave,aipgrave4i@shareasale.com,176-152-2992,Izio,true
6,Neala,Neala Andrivot,nandrivot4j@goodreads.com,124-437-4696,Zoomzone,true
78,Wallache,Wallache Shakesbye,wshakesbye4k@google.ru,105-825-0585,Oloo,true
7,Lothario,Lothario Freak,lfreak4l@ehow.com,305-328-3945,Tambee,true
4205,Bobinette,Bobinette MacRonald,bmacronald4m@sciencedirect.com,206-160-9525,Zoovu,true
06,Ag,Ag Karpov,akarpov4n@alibaba.com,912-150-7319,Ailane,false
51786,Caty,Caty Moorwood,cmoorwood4o@vk.com,806-333-2106,Kazio,true
327,Clemmy,Clemmy Olivas,colivas4p@pen.io,223-566-5622,Wordify,true
1,Daryle,Daryle Tordiffe,dtordiffe4q@indiatimes.com,558-663-8471,Oyondu,true
15448,Sheffie,Sheffie Espinazo,sespinazo4r@fda.gov,513-418-0073,Trudoo,false
66,Hilda,Hilda Meecher,hmeecher4s@blogger.com,752-228-6086,Innojam,true
0029,Florinda,Florinda Signe,fsigne4t@who.int,753-247-7793,Meejo,false
30564,Raviv,Raviv Athow,rathow4u@imageshack.us,190-874-1923,Yambee,true
925,Juliana,Juliana Bernette,jbernette4v@sciencedaily.com,915-904-4845,Dazzlesphere,true
32385,Roshelle,Roshelle Farebrother,rfarebrother4w@sfgate.com,132-795-7720,Photobug,true
4912,Chevalier,Chevalier Ginman,cginman4x@blinklist.com,201-545-9199,Zoomzone,true
0,Arley,Arley Faldo,afaldo4y@people.com.cn,675-508-2313,Devpulse,false
2938,Emmalynn,Emmalynn Corpes,ecorpes4z@domainmarket.com,848-382-1817,Meejo,false
324,Olvan,Olvan Sabie,osabie50@eepurl.com,400-155-9094,Eare,true
3487,Elianora,Elianora Loveridge,eloveridge51@goodreads.com,682-898-3852,Livefish,true
2182,Betti,Betti Trank,btrank52@jalbum.net,732-199-8449,Lajo,false
76,Heidie,Heidie Labbey,hlabbey53@archive.org,252-623-6422,Buzzbean,false
35430,Abigail,Abigail Blasdale,ablasdale54@youku.com,890-605-3919,Jamia,false
7825,Sheilah,Sheilah Felgat,sfelgat55@godaddy.com,353-749-3360,Vinder,false
39195,Britney,Britney Wallentin,bwallentin56@woothemes.com,565-193-8532,Buzzbean,true
9,Mathian,Mathian Sothern,msothern57@smh.com.au,427-567-4799,Blogtags,true
291,Ninette,Ninette Davidson,ndavidson58@51.la,796-395-4068,Topicblab,false
440,Meghan,Meghan Wernham,mwernham59@ibm.com,778-467-9084,Zoozzy,true
633,Etan,Etan Pollak,epollak5a@oracle.com,679-572-2852,Dabfeed,false
17,Sue,Sue Bleibaum,sbleibaum5b@edublogs.org,886-856-7789,Topiczoom,false
16,Thorny,Thorny Whitbread,twhitbread5c@ycombinator.com,867-419-1147,Jabbertype,false
7846,Lebbie,Lebbie Kealy,lkealy5d@topsy.com,641-540-4485,Edgepulse,true
6,Latisha,Latisha Willsmore,lwillsmore5e@t-online.de,952-125-9327,Thoughtstorm,false
7897,Gwenette,Gwenette Brasier,gbrasier5f@utexas.edu,922-431-1873,Linklinks,true
4,Morrie,Morrie Mitchall,mmitchall5g@yolasite.com,444-655-1662,Zoomdog,false
492,Jeffie,Jeffie Milmoe,jmilmoe5h@hugedomains.com,678-494-9449,Tagtune,false
75714,Anetta,Anetta Asgodby,aasgodby5i@cocolog-nifty.com,946-777-1901,Wordware,true
3621,Paquito,Paquito Farra,pfarra5j@friendfeed.com,871-407-3719,Rhynyx,true
83475,Brandi,Brandi Kleinber,bkleinber5k@wikipedia.org,588-774-5626,Leexo,false
39,Vasilis,Vasilis Halladey,vhalladey5l@washingtonpost.com,411-513-1652,Wikibox,true
89570,Ede,Ede Weight,eweight5m@fema.gov,314-179-1301,Yakijo,true
1410,Shepperd,Shepperd Diter,sditer5n@theguardian.com,868-524-7040,Aimbu,true
23191,Livvy,Livvy Hanscomb,lhanscomb5o@miibeian.gov.cn,591-890-1363,Gabvine,true
634,Franklin,Franklin Jodlowski,fjodlowski5p@go.com,791-457-5739,Skyndu,false
912,Sadie,Sadie Wills,swills5q@freewebs.com,613-808-3235,Skiptube,false
703,Caresse,Caresse Thrustle,cthrustle5r@typepad.com,275-269-8089,Ooba,false
59,Lanni,Lanni Whitelock,lwhitelock5s@nsw.gov.au,137-450-6009,Kayveo,false
3548,Trevor,Trevor Ligertwood,tligertwood5t@cocolog-nifty.com,441-464-7085,Flipbug,true
1849,Edgar,Edgar Jeannard,ejeannard5u@psu.edu,773-421-5669,Miboo,true
76226,Wynn,Wynn Mumby,wmumby5v@va.gov,761-129-3088,Skalith,true
8324,Russell,Russell Arnaez,rarnaez5w@github.io,987-195-2220,Ntags,false
517,Gran,Gran Rotter,grotter5x@netscape.com,905-790-8185,Janyx,true
23,Eamon,Eamon Gissing,egissing5y@domainmarket.com,705-943-5793,Zazio,false
2856,Florance,Florance Angrick,fangrick5z@sogou.com,969-200-4483,Plajo,false
992,Odelia,Odelia De Fries,ode60@devhub.com,696-120-1972,Babbleblab,true
05261,Krystalle,Krystalle Tunnock,ktunnock61@technorati.com,672-938-6686,LiveZ,true
1931,Doug,Doug Odgers,dodgers62@nasa.gov,421-962-8319,Meembee,true
635,Maible,Maible Bernat,mbernat63@ehow.com,993-562-4911,Midel,false
828,Alonso,Alonso Sabbins,asabbins64@creativecommons.org,452-729-2624,Zoomlounge,true
8,Jeremie,Jeremie Joisce,jjoisce65@umich.edu,287-896-6870,Youbridge,false
6,Stacy,Stacy Hodgin,shodgin66@si.edu,481-184-4051,Youbridge,true
0,Jorie,Jorie McParlin,jmcparlin67@blogger.com,710-140-2063,Jaxworks,false
65,Dominica,Dominica Capeling,dcapeling68@ox.ac.uk,238-995-3238,Tazz,true
778,Rafaellle,Rafaellle Pavlenkov,rpavlenkov69@nifty.com,305-265-7238,Jamia,true
1,Micah,Micah Gherarducci,mgherarducci6a@narod.ru,777-140-9323,Yozio,true
44936,Anatola,Anatola MacGinley,amacginley6b@earthlink.net,381-701-9952,Devify,true
500,Martha,Martha Limpkin,mlimpkin6c@canalblog.com,302-815-7638,Skimia,false
3606,Boot,Boot Atwater,batwater6d@timesonline.co.uk,603-358-9702,Thoughtblab,true
08537,Twila,Twila Baldetti,tbaldetti6e@bloglovin.com,800-164-5191,Fivespan,false
471,Ronnica,Ronnica Ramard,rramard6f@studiopress.com,130-161-8519,Twitterlist,false
68,Selma,Selma Conigsby,sconigsby6g@about.me,258-614-7176,Eamia,false
3908,Nyssa,Nyssa Kahan,nkahan6h@indiatimes.com,804-323-0943,Quatz,false
138,Grace,Grace Keyho,gkeyho6i@xing.com,650-974-9274,Vidoo,true
899,Paola,Paola Bricham,pbricham6j@weibo.com,394-576-3973,Mita,true
0,Dare,Dare Denys,ddenys6k@domainmarket.com,182-908-3666,Thoughtsphere,false
7803,Nannette,Nannette Paroni,nparoni6l@hao123.com,580-760-2724,Topicstorm,false
47,Carri,Carri Skully,cskully6m@topsy.com,425-255-6444,Topicware,true
28385,Josselyn,Josselyn Hebborn,jhebborn6n@yellowpages.com,814-153-8906,Katz,true
45,Griffie,Griffie Waker,gwaker6o@nsw.gov.au,745-252-3430,Yakidoo,false
4740,Redd,Redd Twitchings,rtwitchings6p@photobucket.com,139-347-9172,Vitz,true
2542,Teresina,Teresina Scintsbury,tscintsbury6q@usgs.gov,124-219-2911,Meeveo,true
09,Orelle,Orelle Greasty,ogreasty6r@apache.org,139-465-5313,Wikibox,false
28,Stacee,Stacee Feeley,sfeeley6s@loc.gov,896-155-5922,Devshare,true
28841,Christiana,Christiana Morten,cmorten6t@about.com,450-745-3648,Quimm,true
264,Marley,Marley Malster,mmalster6u@amazon.co.uk,342-398-6819,JumpXS,false
10539,Sarette,Sarette Tregensoe,stregensoe6v@comsenz.com,909-234-2523,Feednation,true
5938,Lizzie,Lizzie Nesbitt,lnesbitt6w@cpanel.net,624-664-8791,Kazu,false
7371,Lucine,Lucine Sedgwick,lsedgwick6x@cdbaby.com,750-705-2204,Rhynyx,false
87173,Drugi,Drugi Pole,dpole6y@woothemes.com,833-836-4481,Flashspan,false
42,Phillipe,Phillipe Asbrey,pasbrey6z@time.com,201-485-2674,Twiyo,true
7,Devan,Devan Downton,ddownton70@dmoz.org,169-221-4868,Fliptune,true
289,Malachi,Malachi Mainston,mmainston71@newsvine.com,771-558-8625,Reallinks,true
765,Jarrad,Jarrad Filewood,jfilewood72@noaa.gov,681-712-5062,Feedspan,false
94801,Tessa,Tessa Reckless,treckless73@upenn.edu,815-685-7761,Skipstorm,true
6,Alissa,Alissa Jess,ajess74@nih.gov,706-850-4388,Ailane,false
6038,Win,Win Epps,wepps75@tripod.com,616-280-2272,Youspan,false
8611,Robinson,Robinson Howsden,rhowsden76@fda.gov,430-530-5616,Twiyo,true
9,Emelen,Emelen Kirkbride,ekirkbride77@yellowbook.com,771-256-9495,Dabfeed,true
82,Devi,Devi Seekings,dseekings78@ft.com,447-856-4818,Skippad,false
95,Neddy,Neddy Anthon,nanthon79@mozilla.com,363-834-9534,Photofeed,false
10,Cris,Cris Coulsen,ccoulsen7a@ed.gov,167-744-8837,Eamia,true
219,Clarey,Clarey Lukehurst,clukehurst7b@craigslist.org,928-647-8813,Tagchat,false
3,Allene,Allene Salzberger,asalzberger7c@spiegel.de,354-373-2178,Ntags,true
9,Manny,Manny Jerrams,mjerrams7d@imageshack.us,306-772-0987,Feedspan,true
3,Alaster,Alaster Lakey,alakey7e@newyorker.com,421-884-8716,Twitterworks,true
378,Pate,Pate Ibarra,pibarra7f@biglobe.ne.jp,263-551-6638,Tekfly,true
08535,Monica,Monica Butterfint,mbutterfint7g@issuu.com,471-106-7431,Jayo,false
869,Glenden,Glenden Coleshill,gcoleshill7h@dyndns.org,152-333-6341,Realbuzz,false
9920,Adara,Adara Guillard,aguillard7i@biblegateway.com,125-343-0221,Latz,true
7165,Esra,Esra Iston,eiston7j@comcast.net,871-409-6459,Aimbo,true
8,Florance,Florance Potbury,fpotbury7k@tmall.com,888-662-7886,Rooxo,true
44,Felicity,Felicity Carlyon,fcarlyon7l@sciencedirect.com,428-465-9420,Trilith,true
9,Aristotle,Aristotle Bamborough,abamborough7m@state.gov,484-846-1829,Edgepulse,true
5487,Blancha,Blancha Stener,bstener7n@photobucket.com,615-661-7779,Fatz,true
7038,Katy,Katy Bearward,kbearward7o@bbb.org,942-955-1415,Topiclounge,true
6958,Rozele,Rozele Bletcher,rbletcher7p@list-manage.com,878-447-4310,Twitternation,false
0,Eward,Eward Kelsow,ekelsow7q@soup.io,483-510-3453,Twitterbridge,true
5523,Cello,Cello Matzel,cmatzel7r@salon.com,702-234-6239,Aivee,true
6,Ganny,Ganny Attrill,gattrill7s@aboutads.info,750-551-4899,Shuffletag,false
46,Magdaia,Magdaia Shrubsall,mshrubsall7t@soup.io,923-653-4516,Avavee,false
75286,Gare,Gare Sictornes,gsictornes7u@google.com.au,220-241-7515,Browsebug,true
895,Willie,Willie Shuttlewood,wshuttlewood7v@weibo.com,210-124-3069,Livetube,false
3,Frans,Frans Derill,fderill7w@123-reg.co.uk,425-112-6953,Jaxnation,false
978,Odella,Odella Belin,obelin7x@yelp.com,229-783-7120,Oba,false
3,Marrilee,Marrilee Hacaud,mhacaud7y@gnu.org,756-475-4175,Feedbug,true
6,Adelle,Adelle Cuddy,acuddy7z@elpais.com,212-107-5583,Gabtune,true
4,Dorelle,Dorelle St. Clair,dst80@google.com.hk,564-887-1885,Jetpulse,true
092,Cathrine,Cathrine Wimmers,cwimmers81@nba.com,134-853-6448,Avaveo,true
958,Gertrudis,Gertrudis Le Breton,gle82@telegraph.co.uk,894-830-5808,Jayo,true
713,Clarie,Clarie Dries,cdries83@delicious.com,301-326-1130,Thoughtstorm,true
89778,Zacharia,Zacharia Ragbourn,zragbourn84@chron.com,714-152-7184,Twitternation,false
6704,Joella,Joella Isac,jisac85@patch.com,366-672-5879,Topiclounge,true
961,Rycca,Rycca Fishbourne,rfishbourne86@loc.gov,973-234-8767,Photobean,true
3,Tulley,Tulley Burniston,tburniston87@deliciousdays.com,840-880-3451,Vinte,true
7,Binky,Binky Brosenius,bbrosenius88@home.pl,895-599-1970,Tavu,false
4381,Corey,Corey McDuall,cmcduall89@huffingtonpost.com,941-947-4727,Oloo,false
0593,Virginie,Virginie Bloomfield,vbloomfield8a@wikispaces.com,834-429-9528,Plambee,true
48169,Florrie,Florrie Reading,freading8b@alibaba.com,109-773-1415,Realbridge,true
19360,Jany,Jany MacCaughey,jmaccaughey8c@epa.gov,451-564-8430,Buzzshare,false
9115,Michelina,Michelina Yaldren,myaldren8d@yale.edu,369-535-1285,Wordware,false
406,Bearnard,Bearnard Sheering,bsheering8e@geocities.jp,300-658-4751,Abata,true
2,Desiri,Desiri Capper,dcapper8f@bloomberg.com,713-758-4558,Voonix,false
203,Kirstin,Kirstin Van den Oord,kvan8g@berkeley.edu,515-604-9742,Skimia,true
7,Taryn,Taryn Clift,tclift8h@github.com,118-672-0240,Quatz,false
3388,Justino,Justino Concklin,jconcklin8i@accuweather.com,512-829-2735,Zoomdog,true
48,Evangelia,Evangelia Scholler,escholler8j@ow.ly,341-249-0293,Edgepulse,true
67,Cazzie,Cazzie Renyard,crenyard8k@1688.com,137-444-0018,Zoonder,false
2,Perceval,Perceval Marke,pmarke8l@tumblr.com,974-464-0263,Avamba,false
6772,Tripp,Tripp Plom,tplom8m@icq.com,198-843-7047,Voomm,true
939,Chad,Chad Chiplen,cchiplen8n@diigo.com,235-299-9074,Abatz,true
19625,Letitia,Letitia Gain,lgain8o@usatoday.com,704-151-6007,Tanoodle,true
9,Tally,Tally Caygill,tcaygill8p@linkedin.com,245-617-5934,Eabox,false
494,Donica,Donica Dominicacci,ddominicacci8q@eventbrite.com,187-565-1233,Wordify,false
520,Ansel,Ansel Balazin,abalazin8r@sina.com.cn,780-141-9670,Zoombeat,false
453,Patty,Patty Jandel,pjandel8s@ucla.edu,765-336-9033,Zazio,true
548,Chevy,Chevy Scholey,cscholey8t@home.pl,695-656-8263,Izio,true
84503,Thorsten,Thorsten Noon,tnoon8u@berkeley.edu,364-911-5384,Riffwire,true
53,Rosemaria,Rosemaria Graith,rgraith8v@amazon.com,990-504-6022,Skimia,true
782,Vidovik,Vidovik Kyte,vkyte8w@rakuten.co.jp,708-789-4328,Devify,true
7,Veradis,Veradis Woodier,vwoodier8x@360.cn,751-916-3900,Jabbertype,false
8,Nerita,Nerita Ary,nary8y@sakura.ne.jp,922-119-9143,Livefish,true
4,Pierson,Pierson Soggee,psoggee8z@bloglines.com,425-108-8375,Wikizz,false
09769,Linnell,Linnell Dunsmuir,ldunsmuir90@chron.com,554-409-9847,Browsezoom,true
1309,Wrennie,Wrennie Clackers,wclackers91@blogtalkradio.com,253-297-9498,Katz,false
258,Alvira,Alvira Iannelli,aiannelli92@elegantthemes.com,379-586-2968,Skyba,false
462,Cristian,Cristian Hucknall,chucknall93@biglobe.ne.jp,959-135-3198,Feedfire,true
30,Krystyna,Krystyna Casiroli,kcasiroli94@google.co.jp,202-907-2207,Gabcube,false
5,Roderick,Roderick Renfree,rrenfree95@histats.com,992-369-7876,Skibox,false
7,May,May Scudder,mscudder96@disqus.com,678-712-5070,Eire,true
1848,Henrie,Henrie Leacy,hleacy97@kickstarter.com,449-756-5379,Skynoodle,true
7,Ollie,Ollie Killick,okillick98@un.org,852-899-3257,Npath,false
408,Ursala,Ursala Ivison,uivison99@diigo.com,637-710-2760,Camimbo,true
7079,Darci,Darci Cuerdall,dcuerdall9a@ning.com,752-986-7548,Gabcube,true
879,Faustine,Faustine Blackly,fblackly9b@nytimes.com,737-812-3469,Zoombeat,true
20,Susanetta,Susanetta Rasp,srasp9c@blogger.com,911-396-6413,Yata,false
40784,Mirna,Mirna Fores,mfores9d@wikimedia.org,424-363-0930,Talane,true
114,Ernestus,Ernestus Goodrum,egoodrum9e@reddit.com,800-375-9355,Feedspan,false
7,Marilyn,Marilyn Jardein,mjardein9f@amazonaws.com,456-259-8826,Fliptune,false
635,Scarlet,Scarlet Pickworth,spickworth9g@nhs.uk,946-530-4884,Eare,false
1629,Vita,Vita Hehl,vhehl9h@nyu.edu,181-874-3404,Buzzster,true
063,Grant,Grant Castellan,gcastellan9i@miibeian.gov.cn,194-330-3897,Voolith,false
3,Melvin,Melvin Bartens,mbartens9j@archive.org,937-243-5245,Linkbridge,true
6719,Giff,Giff Bruneton,gbruneton9k@hexun.com,687-382-9887,Jaloo,false
47,Ignatius,Ignatius Lamlin,ilamlin9l@smugmug.com,900-153-9872,Vimbo,true
01778,Jeana,Jeana Morshead,jmorshead9m@japanpost.jp,245-725-2719,Mynte,false
45924,Nickolaus,Nickolaus Linning,nlinning9n@foxnews.com,328-408-8359,Nlounge,false
75651,Mignon,Mignon Downes,mdownes9o@paypal.com,146-444-1159,Shuffledrive,true
1673,Franchot,Franchot Swallwell,fswallwell9p@oakley.com,317-577-5187,Pixoboo,false
49760,Devan,Devan Rosina,drosina9q@sphinn.com,940-223-5901,Quinu,true
39,Charlton,Charlton Tallet,ctallet9r@ameblo.jp,590-873-6279,Tavu,false
008,Christian,Christian Grabban,cgrabban9s@aboutads.info,508-440-4967,Eazzy,false
513,Shelagh,Shelagh Bahike,sbahike9t@amazon.de,486-713-8938,Oyope,false
221,Manon,Manon Stilly,mstilly9u@lulu.com,821-283-6754,Quimm,false
075,Terza,Terza Prahl,tprahl9v@economist.com,731-602-4967,Edgeblab,false
36,Markus,Markus Laurenson,mlaurenson9w@state.tx.us,162-894-9226,Quatz,false
5,Eolande,Eolande Lowry,elowry9x@sun.com,943-342-9828,Ooba,false
33,Barrett,Barrett Wadman,bwadman9y@webnode.com,409-887-7443,Roombo,false
5430,Lorilee,Lorilee Nuzzetti,lnuzzetti9z@etsy.com,950-284-6423,Youspan,false
58457,Joy,Joy Sommerville,jsommervillea0@homestead.com,720-340-4126,Linkbuzz,false
09,Karel,Karel Husset,khusseta1@mit.edu,860-363-3646,Divavu,true
144,Consolata,Consolata Cuncarr,ccuncarra2@youtu.be,968-877-6341,Roodel,false
1,Zonda,Zonda Lere,zlerea3@discuz.net,423-403-4484,Tanoodle,false
46,Gabbey,Gabbey Pales,gpalesa4@theguardian.com,814-154-1124,Realmix,false
21,Suzann,Suzann Sackett,ssacketta5@vk.com,514-147-2097,Twiyo,true
6,Bartlet,Bartlet Bettenay,bbettenaya6@blinklist.com,568-967-3797,Bluezoom,false
95599,Marrissa,Marrissa Delgado,mdelgadoa7@washington.edu,778-833-2374,Twitterbeat,false
13,Eudora,Eudora Curzon,ecurzona8@mapquest.com,366-745-1447,Devpoint,true
224,Dana,Dana Remmer,dremmera9@twitpic.com,437-992-4370,Gevee,true
4,Jordon,Jordon Lambrook,jlambrookaa@altervista.org,478-187-4435,Photolist,true
26532,Jewell,Jewell Taillant,jtaillantab@github.io,821-526-2578,Kayveo,false
6449,Pamela,Pamela Boorn,pboornac@ask.com,156-458-9011,Innotype,false
4,Malvina,Malvina D'Antuoni,mdantuoniad@globo.com,190-920-3557,Teklist,true
80613,Mikaela,Mikaela Hards,mhardsae@storify.com,805-732-8950,Ainyx,false
881,Fredrick,Fredrick Lehrahan,flehrahanaf@microsoft.com,528-477-5926,Rhybox,false
316,Stacee,Stacee Phythien,sphythienag@geocities.com,738-810-5939,Browseblab,false
62,Kirby,Kirby Longmore,klongmoreah@boston.com,831-664-7126,Skinix,true
2,Gunter,Gunter Iffe,giffeai@vinaora.com,480-226-3987,Kwilith,true
478,Kalli,Kalli Radcliffe,kradcliffeaj@weebly.com,905-695-2851,Meeveo,true
9141,Minnaminnie,Minnaminnie Kemish,mkemishak@edublogs.org,921-493-2749,Quinu,true
58231,Port,Port Finkle,pfinkleal@infoseek.co.jp,410-122-0927,Edgeclub,false
5564,Wallie,Wallie Kerry,wkerryam@amazon.de,608-682-3358,Devshare,false
21235,Prentiss,Prentiss Fforde,pffordean@pen.io,969-192-3082,Kazio,false
02631,Fonsie,Fonsie Coaker,fcoakerao@ibm.com,352-793-2373,Jabbertype,true
82,Fabio,Fabio Kerbler,fkerblerap@psu.edu,885-567-9663,Zooveo,true
3,Emelyne,Emelyne Joules,ejoulesaq@com.com,627-511-0987,Zoombeat,true
2403,Kerk,Kerk Chasemore,kchasemorear@utexas.edu,781-949-7200,Fivespan,true
434,Kelvin,Kelvin Southcombe,ksouthcombeas@example.com,644-520-1487,Quimba,false
33,Rurik,Rurik Bougourd,rbougourdat@desdev.cn,922-330-2056,Devpulse,false
74735,Melantha,Melantha Bramsom,mbramsomau@springer.com,328-895-2772,Brainverse,false
40850,Cassandra,Cassandra Dodds,cdoddsav@netvibes.com,814-125-1747,Meembee,true
8,Eduino,Eduino Wyllcock,ewyllcockaw@youku.com,245-223-7617,Wordware,true
97,Joellen,Joellen Thomasset,jthomassetax@bloglovin.com,840-715-3867,Jabbertype,false
861,Alon,Alon Hallgalley,ahallgalleyay@pinterest.com,500-781-7856,Brainverse,true
94,Marty,Marty Speedy,mspeedyaz@purevolume.com,887-817-3845,Oyoba,true
03574,Nevin,Nevin McEntee,nmcenteeb0@youku.com,522-886-6197,Bubbletube,true
54,Raffarty,Raffarty Kroin,rkroinb1@pbs.org,366-453-0935,Camido,false
95,Sibilla,Sibilla Leasor,sleasorb2@xinhuanet.com,815-498-2580,Devpoint,false
8,Bondie,Bondie Farrants,bfarrantsb3@hatena.ne.jp,146-610-0551,Yata,true
412,Galen,Galen Corris,gcorrisb4@unicef.org,214-144-4701,Topiczoom,false
7,Renee,Renee MacCauley,rmaccauleyb5@elegantthemes.com,215-873-0473,Kayveo,false
92,Corly,Corly Sparke,csparkeb6@ameblo.jp,966-195-7903,Ozu,true
61,Larry,Larry Dahlberg,ldahlbergb7@studiopress.com,841-566-3384,Browseblab,true
58,Chrysa,Chrysa Reddyhoff,creddyhoffb8@microsoft.com,866-205-0272,Katz,false
97,Isidoro,Isidoro Moreno,imorenob9@netvibes.com,753-868-3673,Brainsphere,false
927,Layton,Layton Menci,lmenciba@sitemeter.com,673-596-9604,Gigazoom,false
1,Asia,Asia Salkild,asalkildbb@sohu.com,441-403-2786,Buzzbean,true
75657,Prisca,Prisca Persence,ppersencebc@msn.com,102-394-3600,Ntags,true
49137,Saw,Saw Blumsom,sblumsombd@icq.com,724-373-8071,Eabox,false
3,Wallis,Wallis Otridge,wotridgebe@eventbrite.com,382-249-5666,Tagopia,true
62,Erin,Erin Trass,etrassbf@wufoo.com,181-862-4770,Realblab,false
49936,Bettine,Bettine Rimmer,brimmerbg@ihg.com,935-749-8358,Jabbercube,true
090,Smitty,Smitty Quenell,squenellbh@spotify.com,769-170-2747,Lajo,false
468,Cale,Cale Parradice,cparradicebi@g.co,917-650-1044,Digitube,false
08477,Mandi,Mandi Vernau,mvernaubj@canalblog.com,258-290-4625,Jaxspan,true
4235,Lurette,Lurette Trippick,ltrippickbk@newsvine.com,997-294-1044,Photofeed,true
29,Mallory,Mallory Kilshaw,mkilshawbl@liveinternet.ru,559-237-5972,Wikibox,true
70654,Agnesse,Agnesse Owtram,aowtrambm@sogou.com,348-495-9909,Demivee,true
7,Nicolle,Nicolle Ormond,normondbn@java.com,287-596-9210,Oba,true
39,Cort,Cort Padbery,cpadberybo@live.com,320-261-0119,Voonte,true
1,Abrahan,Abrahan Coneybeer,aconeybeerbp@ucoz.ru,725-296-4429,Zoozzy,false
3867,Juditha,Juditha Kennford,jkennfordbq@boston.com,711-569-9911,Yamia,true
298,Adel,Adel Spinke,aspinkebr@cbc.ca,142-767-6560,Brainbox,false
959,Liuka,Liuka Osmond,losmondbs@smugmug.com,473-370-4280,Eidel,true
4298,Cristal,Cristal Giroldo,cgiroldobt@prnewswire.com,105-924-2645,Wikizz,false
87,Sukey,Sukey McConnal,smcconnalbu@epa.gov,487-234-1061,Kaymbo,true
92,Sheri,Sheri Drohun,sdrohunbv@wikia.com,242-538-4558,Bubblebox,false
119,Petronella,Petronella Dunmuir,pdunmuirbw@wufoo.com,580-659-0345,Jamia,true
22256,Othella,Othella Reading,oreadingbx@naver.com,137-652-8913,Mita,true
1,Sam,Sam Farrent,sfarrentby@wikispaces.com,100-237-2378,Kwideo,false
8,Edmund,Edmund Riggoll,eriggollbz@blogger.com,880-395-7571,Trupe,true
0072,Edyth,Edyth Boothebie,eboothebiec0@ucsd.edu,728-875-1456,Oyoloo,true
360,Max,Max Fox,mfoxc1@dot.gov,888-762-0632,Centidel,true
8,Courtenay,Courtenay Carnegy,ccarnegyc2@joomla.org,760-846-0187,Devify,true
0301,Lilias,Lilias Basini-Gazzi,lbasinigazzic3@smugmug.com,844-985-6452,Aivee,true
5661,Tobin,Tobin Durak,tdurakc4@umich.edu,538-335-3784,Twimbo,true
44842,Wandie,Wandie Cristea,wcristeac5@facebook.com,790-893-3715,Abata,false
82811,Archie,Archie Furmston,afurmstonc6@nsw.gov.au,299-674-3996,Roombo,true
63022,Munroe,Munroe Bahlmann,mbahlmannc7@prnewswire.com,821-902-6037,Quimm,true
71,Aura,Aura Dunbavin,adunbavinc8@goo.ne.jp,452-815-2902,Livetube,true
7927,Tandi,Tandi Ebertz,tebertzc9@ibm.com,989-222-6017,Buzzbean,false
30683,Tarah,Tarah Sheraton,tsheratonca@cnbc.com,286-106-7252,Jaxnation,true
080,Carrissa,Carrissa Maulin,cmaulincb@alexa.com,207-697-6052,Rhybox,false
32,Jillie,Jillie Greenrod,jgreenrodcc@unicef.org,408-153-5589,Shufflester,false
25649,Owen,Owen Birdwhistell,obirdwhistellcd@miibeian.gov.cn,813-493-3025,Bubblebox,false
2717,Monty,Monty Sherebrooke,msherebrookece@noaa.gov,637-847-6547,Centidel,false
66,Darbee,Darbee Lissemore,dlissemorecf@cbc.ca,291-245-1134,Kamba,false
802,Colin,Colin Bagg,cbaggcg@washington.edu,798-752-3094,Flashdog,true
7694,Julienne,Julienne Aymes,jaymesch@upenn.edu,724-475-2066,Jatri,true
416,Carolynn,Carolynn Battye,cbattyeci@themeforest.net,220-654-9645,Brainlounge,true
8899,Reagen,Reagen Petruskevich,rpetruskevichcj@businesswire.com,947-555-0229,Yambee,false
64,Babette,Babette Iwanowicz,biwanowiczck@bloglines.com,154-942-1088,Trudoo,false
8,Jerri,Jerri Gerty,jgertycl@elpais.com,928-736-9096,Voonix,true
437,Clyde,Clyde Lanon,clanoncm@wisc.edu,366-336-9045,Edgewire,true
5,Benedicta,Benedicta Algore,balgorecn@reverbnation.com,143-169-0320,Wordware,false
526,Lon,Lon Matusovsky,lmatusovskyco@pinterest.com,267-638-3583,Zoomdog,false
2,Dolli,Dolli Sircombe,dsircombecp@intel.com,705-765-3481,Meevee,true
21685,Dolf,Dolf Tollfree,dtollfreecq@google.co.uk,868-561-7835,Linkbuzz,false
86,Ameline,Ameline de Juares,adecr@deviantart.com,262-743-5779,Gabspot,false
529,Elvin,Elvin Wiggans,ewigganscs@dot.gov,738-811-1486,Twiyo,true
888,Berkie,Berkie Hendrickson,bhendricksonct@sogou.com,495-520-7470,Twitterlist,true
9067,Dionne,Dionne McCue,dmccuecu@linkedin.com,921-689-8087,Teklist,true
49163,Andriana,Andriana Buntine,abuntinecv@spotify.com,527-517-4670,Buzzster,false
96695,Bettye,Bettye Marmon,bmarmoncw@java.com,672-198-5862,Topiclounge,true
8998,Kylen,Kylen Purslow,kpurslowcx@miibeian.gov.cn,808-914-5918,Zoomdog,true
998,Madalena,Madalena Willows,mwillowscy@spiegel.de,313-270-2633,Photospace,true
8639,Larissa,Larissa Rasell,lrasellcz@harvard.edu,341-193-7062,Wikivu,true
70238,Rutger,Rutger McMenamy,rmcmenamyd0@sohu.com,717-798-6074,Yotz,true
56,Jacquette,Jacquette Lewry,jlewryd1@umn.edu,437-451-0917,Vipe,true
30,Genevra,Genevra McKeveney,gmckeveneyd2@seattletimes.com,687-936-9581,Jabberstorm,true
674,Tanney,Tanney Searl,tsearld3@flickr.com,689-783-2753,Meembee,false
111,Theadora,Theadora Kahane,tkahaned4@tripadvisor.com,381-639-5494,Meembee,false
38,Graeme,Graeme Dollman,gdollmand5@census.gov,993-922-7953,Yacero,true
6648,Calley,Calley Volett,cvolettd6@abc.net.au,736-251-5526,Mybuzz,true
24,Kyla,Kyla Maryin,kmaryind7@spiegel.de,246-247-9678,Gabspot,true
23470,Saree,Saree Harborow,sharborowd8@ed.gov,653-514-8378,Lazz,false
1244,Kaspar,Kaspar Garmston,kgarmstond9@photobucket.com,763-520-6184,Flashdog,true
1,Jeanne,Jeanne De Gregorio,jdeda@senate.gov,752-529-0159,Agimba,false
56,Elenore,Elenore Kinton,ekintondb@ed.gov,569-241-4593,Realcube,false
44,Jorie,Jorie Lomb,jlombdc@dmoz.org,324-579-2301,Zoomdog,false
12222,Floria,Floria Dilkes,fdilkesdd@go.com,406-385-9554,Aimbo,true
0,Tommy,Tommy Ferandez,tferandezde@sakura.ne.jp,182-201-6611,Thoughtbeat,true
13,Sanders,Sanders McGrey,smcgreydf@weather.com,450-453-1067,Oodoo,true
5396,Melessa,Melessa Rogans,mrogansdg@slideshare.net,150-961-1127,Katz,false
9802,Estrellita,Estrellita Napper,enapperdh@skype.com,383-143-8838,Realbridge,true
43894,Elly,Elly Buckingham,ebuckinghamdi@unc.edu,129-584-9153,Meevee,false
10,Katleen,Katleen Stonhard,kstonharddj@delicious.com,109-279-7369,Oyoba,false
685,Lona,Lona Pahlsson,lpahlssondk@businesswire.com,846-111-8840,Kwimbee,false
2351,Elvina,Elvina Scouler,escoulerdl@mtv.com,465-466-2597,Fatz,true
8,Marika,Marika Curran,mcurrandm@geocities.com,608-854-7483,Thoughtsphere,true
33641,Diannne,Diannne Law,dlawdn@webeden.co.uk,499-570-5158,Rooxo,false
078,Drucill,Drucill Geard,dgearddo@archive.org,864-244-2725,Skimia,false
564,Wilmar,Wilmar Dubble,wdubbledp@businessweek.com,842-284-8380,Centidel,false
76212,Earle,Earle Kinforth,ekinforthdq@people.com.cn,401-530-6243,Yamia,true
9435,Delainey,Delainey Duigan,dduigandr@psu.edu,596-518-4627,Gigaclub,true
0652,Anderson,Anderson Wahncke,awahnckeds@spotify.com,417-448-9823,Flashdog,true
5504,Valeda,Valeda Ferminger,vfermingerdt@hp.com,830-174-9461,Blogtags,false
3298,Cheston,Cheston Gurys,cgurysdu@furl.net,988-481-4658,Topicshots,false
907,Paolina,Paolina Jossel,pjosseldv@diigo.com,802-891-9653,Yombu,true
6838,Jessey,Jessey Espina,jespinadw@abc.net.au,206-717-3040,Abata,true
96,Madalena,Madalena McCrae,mmccraedx@dell.com,898-690-3239,Eire,false
310,Elaina,Elaina Goding,egodingdy@edublogs.org,626-938-0297,Roomm,true
3228,Bethanne,Bethanne Fedorchenko,bfedorchenkodz@ycombinator.com,256-604-1890,Skimia,true
325,Lettie,Lettie Tiuit,ltiuite0@guardian.co.uk,268-280-8273,Livetube,true
166,Hervey,Hervey Onthank,honthanke1@youku.com,591-254-5854,Buzzster,false
9,Sarah,Sarah Gabites,sgabitese2@furl.net,235-618-3468,Digitube,false
8551,Rhea,Rhea Schuler,rschulere3@ca.gov,472-607-2162,Mybuzz,false
92716,Fin,Fin Walesa,fwalesae4@prnewswire.com,681-961-1306,Topicblab,true
732,Ursulina,Ursulina Lauks,ulaukse5@patch.com,466-324-3265,Dynabox,false
535,Allan,Allan Bravington,abravingtone6@geocities.com,666-568-5482,Chatterbridge,true
03,Amii,Amii Hedworth,ahedworthe7@booking.com,511-920-3357,Meejo,true
2,Stephannie,Stephannie Chidwick,schidwicke8@google.ru,403-628-3282,Jaxnation,true
20,Gilemette,Gilemette Grob,ggrobe9@surveymonkey.com,874-330-2517,Trunyx,false
17862,Carlye,Carlye Hefferon,chefferonea@networkadvertising.org,376-626-8048,Eare,false
120,Antonina,Antonina Solleme,asollemeeb@barnesandnoble.com,326-655-1902,Skipstorm,false
20703,Emmy,Emmy McVitty,emcvittyec@gov.uk,512-990-6303,Twimbo,false
0,Agata,Agata Ranson,aransoned@ocn.ne.jp,138-741-5106,Devbug,true
705,Casper,Casper Champken,cchampkenee@telegraph.co.uk,668-868-7459,Tavu,false
54,Chloe,Chloe Mouan,cmouanef@github.io,713-643-1591,Roomm,true
68,Bunny,Bunny Durrell,bdurrelleg@netscape.com,890-643-9827,Brainsphere,true
21,Dorian,Dorian Phoebe,dphoebeeh@utexas.edu,930-271-2778,Edgeify,false
18,Booth,Booth Janatka,bjanatkaei@ucoz.com,572-814-6333,Jabbersphere,true
96648,Alfons,Alfons Rodrigues,arodriguesej@usgs.gov,325-286-5582,Npath,false
6457,Noam,Noam Cabrer,ncabrerek@netlog.com,401-206-3312,Skajo,true
596,Eddie,Eddie Klehn,eklehnel@moonfruit.com,446-159-9112,Feednation,true
36718,Fremont,Fremont Gumby,fgumbyem@mayoclinic.com,124-850-4454,Photojam,false
8,Maryanna,Maryanna Eastmead,meastmeaden@blogs.com,147-374-4641,Zoomzone,false
270,Billi,Billi Keymar,bkeymareo@cpanel.net,697-838-7915,Oba,false
725,Chevalier,Chevalier Smallacombe,csmallacombeep@issuu.com,923-366-8845,Digitube,true
879,Charlotte,Charlotte Slyme,cslymeeq@jugem.jp,625-475-6811,LiveZ,false
04434,Erinn,Erinn Jaggli,ejagglier@ihg.com,117-406-8279,Dabfeed,true
1465,Karlens,Karlens Farnhill,kfarnhilles@moonfruit.com,786-171-6735,Tavu,false
9,Emmy,Emmy Undy,eundyet@webeden.co.uk,715-890-0697,Lazzy,true
7,Vivien,Vivien Koeppe,vkoeppeeu@businessweek.com,560-186-1789,Flashspan,false
8,Cointon,Cointon Laroux,clarouxev@reddit.com,205-809-0182,Twitterworks,false
82,Riki,Riki Yearns,ryearnsew@slate.com,162-943-8692,Voomm,true
0182,Emelia,Emelia Shallow,eshallowex@icq.com,941-211-3989,Kazio,false
6185,Helene,Helene Barbara,hbarbaraey@youtube.com,506-707-6190,Meemm,true
68805,Myrle,Myrle Middleditch,mmiddleditchez@npr.org,501-513-0857,Edgewire,true
8,Mercy,Mercy O'Canavan,mocanavanf0@g.co,867-969-9351,Vimbo,true
105,Seana,Seana Bowmaker,sbowmakerf1@ifeng.com,978-275-8152,Demimbu,false
7597,Stirling,Stirling Badsey,sbadseyf2@yellowbook.com,160-963-6287,Tagtune,false
30341,Coreen,Coreen O'Dwyer,codwyerf3@t.co,219-739-6732,Mita,false
08955,Faulkner,Faulkner Lansly,flanslyf4@google.com,578-488-8085,Tagfeed,false
7149,Rickert,Rickert Shoveller,rshovellerf5@rakuten.co.jp,410-925-0769,Oozz,true
773,Anitra,Anitra Jelleman,ajellemanf6@youtube.com,763-165-5151,Twitterwire,true
481,Harry,Harry Davidovitch,hdavidovitchf7@google.ca,115-734-6302,Tagfeed,false
8,Antin,Antin Rheam,arheamf8@businessweek.com,373-257-1188,Gigazoom,false
76950,Constanta,Constanta Lewcock,clewcockf9@printfriendly.com,650-341-4557,Voolith,false
4,Isabel,Isabel Mungham,imunghamfa@pagesperso-orange.fr,792-933-9614,Brainlounge,false
514,Vaclav,Vaclav Epilet,vepiletfb@mlb.com,701-394-8588,Oyope,true
66,Tomasine,Tomasine Jimes,tjimesfc@yellowbook.com,748-376-8933,BlogXS,false
46,Korney,Korney Mulheron,kmulheronfd@google.es,428-755-3335,Thoughtbridge,true
2,Ted,Ted Tissell,ttissellfe@theatlantic.com,763-625-5656,Browsezoom,false
508,Therine,Therine Skocroft,tskocroftff@vimeo.com,222-651-9644,Mynte,false
4,Nana,Nana Gregorace,ngregoracefg@artisteer.com,303-279-5280,Gigaclub,true
60,Cully,Cully Scoates,cscoatesfh@yahoo.com,523-248-9460,Rooxo,true
401,Alys,Alys Beavon,abeavonfi@photobucket.com,806-661-1312,Wikizz,false
9,Brade,Brade Posnett,bposnettfj@twitpic.com,874-422-2548,Edgeclub,false
386,Kayne,Kayne Kohrsen,kkohrsenfk@wiley.com,416-344-2190,Gabtype,true
4067,Yardley,Yardley Tompion,ytompionfl@europa.eu,530-777-5445,Photolist,true
91,Alix,Alix Cake,acakefm@wordpress.com,502-180-7369,Kwinu,false
85546,Georgy,Georgy MacNish,gmacnishfn@drupal.org,737-904-3579,Photobug,false
646,Adara,Adara Showt,ashowtfo@cmu.edu,526-919-5491,Eayo,false
040,Gwenora,Gwenora Whiston,gwhistonfp@pcworld.com,913-239-2021,Pixoboo,false
8912,Willie,Willie Phillpotts,wphillpottsfq@twitpic.com,514-841-9469,Voonte,true
6879,Timmy,Timmy Dark,tdarkfr@php.net,249-614-1874,Demivee,true
130,Dorine,Dorine Bilbrooke,dbilbrookefs@cnbc.com,578-487-0067,JumpXS,true
1,Goddard,Goddard Mehaffey,gmehaffeyft@bbb.org,598-560-2627,Demizz,true
52,Valida,Valida Mounsey,vmounseyfu@spiegel.de,552-127-8233,Katz,true
0976,Korney,Korney Brosetti,kbrosettifv@technorati.com,857-517-1310,Wordtune,false
3093,Durand,Durand Broschek,dbroschekfw@booking.com,487-243-9150,Realfire,true
97906,Orin,Orin Dunsmore,odunsmorefx@eepurl.com,407-512-6173,Edgetag,false
453,Lenora,Lenora Sansum,lsansumfy@vkontakte.ru,343-674-6342,Quatz,false
98,Liam,Liam Bryden,lbrydenfz@webeden.co.uk,346-894-5787,Jayo,false
819,Stillmann,Stillmann Oleshunin,soleshuning0@linkedin.com,585-963-1353,Skyndu,true
1662,Blithe,Blithe Bondley,bbondleyg1@example.com,864-330-7352,Quimba,true
75,Neysa,Neysa Powrie,npowrieg2@latimes.com,133-325-0013,Skinix,true
06398,Inez,Inez Shrubsall,ishrubsallg3@ebay.com,156-709-7080,Divavu,true
83165,Lothaire,Lothaire Lillford,llillfordg4@thetimes.co.uk,671-305-5291,Rhyzio,true
1215,Ravid,Ravid Cullagh,rcullaghg5@adobe.com,574-318-6023,Bluezoom,true
614,Hilary,Hilary Iddiens,hiddiensg6@pen.io,719-393-6226,Jaxbean,false
61990,Simona,Simona Grollmann,sgrollmanng7@tiny.cc,260-353-3039,Dynava,false
536,Taryn,Taryn Ferraresi,tferraresig8@4shared.com,796-882-4558,Devpulse,true
5,Nevil,Nevil Pelham,npelhamg9@cam.ac.uk,560-675-2122,Lazz,false
6455,Eugine,Eugine Mallabund,emallabundga@360.cn,249-366-8458,Topicware,false
5142,Barnabe,Barnabe Menguy,bmenguygb@naver.com,741-676-0400,Topicstorm,true
76,Kikelia,Kikelia McCulloch,kmccullochgc@springer.com,121-444-5495,Edgeclub,true
73,Luella,Luella Cressey,lcresseygd@mayoclinic.com,474-381-8157,Fatz,false
5163,Siobhan,Siobhan Trelease,streleasege@simplemachines.org,261-529-7376,InnoZ,true
80109,Filbert,Filbert Roglieri,froglierigf@usgs.gov,505-723-7399,Rhynyx,true
586,Galven,Galven Balazs,gbalazsgg@ezinearticles.com,789-858-5062,Quinu,true
8,Junia,Junia Solomonides,jsolomonidesgh@nba.com,942-252-2534,Edgepulse,true
8,Cly,Cly Hevey,cheveygi@php.net,755-119-0685,Avamm,false
13307,Milo,Milo Paolazzi,mpaolazzigj@quantcast.com,302-560-3523,Blognation,true
03004,Kristofor,Kristofor Schuck,kschuckgk@irs.gov,660-659-8531,Feedmix,true
3,Michail,Michail Borthe,mborthegl@smh.com.au,399-245-4744,Myworks,false
92,Rockey,Rockey Lawfull,rlawfullgm@salon.com,967-386-5131,Youspan,true
86873,Codie,Codie Carbett,ccarbettgn@edublogs.org,439-362-7004,Plajo,false
58,Crin,Crin Basire,cbasirego@dion.ne.jp,869-425-5548,Realfire,false
6066,Kelby,Kelby Jolland,kjollandgp@techcrunch.com,119-290-6898,Oodoo,false
13250,Damon,Damon Mesias,dmesiasgq@blogger.com,902-133-0185,Divavu,true
3415,Noami,Noami Ten Broek,ntengr@chicagotribune.com,395-180-6116,Skibox,false
3,Calley,Calley Dumphrey,cdumphreygs@moonfruit.com,969-210-7113,Oyoba,true
39,Padget,Padget Pemble,ppemblegt@nydailynews.com,328-400-1872,Trilia,true
9783,Winny,Winny Tackle,wtacklegu@redcross.org,304-345-5073,Twinder,false
0,Phyllis,Phyllis Maslin,pmaslingv@blinklist.com,764-181-4533,Tambee,false
63,Kitty,Kitty Olliar,kolliargw@berkeley.edu,954-665-2488,Kwinu,false
9,Klarika,Klarika Nelane,knelanegx@telegraph.co.uk,294-584-1713,Tagtune,true
99,Filide,Filide Faircloth,ffairclothgy@cyberchimps.com,440-587-6771,Kwilith,true
5322,Malissa,Malissa Brunet,mbrunetgz@harvard.edu,871-497-8127,Twitterbeat,true
4857,Lorilyn,Lorilyn Cassam,lcassamh0@spiegel.de,715-261-3399,LiveZ,true
990,Herold,Herold Voller,hvollerh1@constantcontact.com,649-845-2863,Reallinks,false
22224,Amalle,Amalle Pinner,apinnerh2@dot.gov,989-502-9925,Eare,true
9,Pris,Pris Swaine,pswaineh3@gmpg.org,432-162-6852,Plambee,false
29,Romonda,Romonda Hatzar,rhatzarh4@bluehost.com,586-828-8203,Thoughtmix,true
2,Helyn,Helyn Sheed,hsheedh5@cbslocal.com,994-564-2146,Aibox,true
52264,Shayne,Shayne Albury,salburyh6@mysql.com,343-662-1085,Layo,true
228,Lolita,Lolita Wilding,lwildingh7@ucoz.com,363-195-4397,Izio,false
77606,Jere,Jere Rhydderch,jrhydderchh8@studiopress.com,532-759-3924,Yodoo,true
98233,Jereme,Jereme Schulter,jschulterh9@themeforest.net,247-341-0936,Kanoodle,true
52,Garek,Garek Weekes,gweekesha@scientificamerican.com,916-118-0694,Bubblebox,true
03,Antin,Antin Carabine,acarabinehb@mac.com,146-940-4450,Twitterbridge,false
02737,Layne,Layne Oury,louryhc@cafepress.com,676-495-4798,Gabtune,true
73635,Gothart,Gothart Landsborough,glandsboroughhd@51.la,197-322-3122,Flashpoint,true
1,Marcelle,Marcelle Wolpert,mwolperthe@shareasale.com,294-154-4235,Camido,false
72952,Gavan,Gavan Oulet,goulethf@oracle.com,427-407-9104,Shuffletag,false
186,Abramo,Abramo Riddell,ariddellhg@baidu.com,970-436-3292,Quaxo,true
39,Red,Red Spollen,rspollenhh@friendfeed.com,229-909-4547,Photojam,true
45,Ivar,Ivar Messager,imessagerhi@ed.gov,834-364-5046,Realbridge,true
72,Manny,Manny Whitelock,mwhitelockhj@bizjournals.com,177-837-2517,Dynava,false
77465,Alika,Alika Ajsik,aajsikhk@ifeng.com,367-969-0430,Edgeclub,false
05974,Waylen,Waylen Maccari,wmaccarihl@is.gd,703-470-6171,Meemm,true
0235,Charlean,Charlean Andreopolos,candreopoloshm@imdb.com,337-259-3854,Kimia,true
6723,Zorana,Zorana Vedenyapin,zvedenyapinhn@storify.com,447-749-6668,Vinder,false
69,Peyter,Peyter Snipe,psnipeho@seattletimes.com,707-102-0331,Youspan,false
2,Spenser,Spenser Ditty,sdittyhp@phpbb.com,689-475-0340,Yodoo,true
78689,Kellen,Kellen Dormand,kdormandhq@amazon.de,675-981-7207,Eimbee,false
662,Marshall,Marshall Marzelle,mmarzellehr@tiny.cc,247-902-9448,Kazu,false
4,Kile,Kile Blethin,kblethinhs@slate.com,716-790-9084,Feednation,false
14068,Ailee,Ailee Bearns,abearnsht@live.com,978-616-4733,Oyoloo,true
68,Worthington,Worthington Kinge,wkingehu@parallels.com,504-467-4009,Janyx,true
9,Maighdiln,Maighdiln Edwards,medwardshv@blinklist.com,557-465-3501,Divape,true
37,Nadiya,Nadiya Burdon,nburdonhw@earthlink.net,591-214-9861,Devcast,true
90359,Rolfe,Rolfe Hoggan,rhogganhx@scientificamerican.com,391-828-0595,Rooxo,false
4744,Jobi,Jobi Farfoot,jfarfoothy@who.int,541-324-0314,Lajo,false
7,Asher,Asher Frarey,afrareyhz@devhub.com,932-179-5121,Browseblab,false
1,Gerrie,Gerrie Lupson,glupsoni0@umn.edu,202-818-6082,BlogXS,false
83736,Caryl,Caryl Burt,cburti1@tamu.edu,177-419-4100,Rhynyx,true
2058,Nevile,Nevile Keene,nkeenei2@usgs.gov,147-625-9289,Photofeed,true
91,Tish,Tish Bolsteridge,tbolsteridgei3@nih.gov,660-454-6890,Einti,true
64,Natka,Natka McCrainor,nmccrainori4@xrea.com,493-703-1951,Ozu,false
99101,Goddart,Goddart Radnedge,gradnedgei5@salon.com,255-480-8112,Avamba,false
23995,Noll,Noll McArdell,nmcardelli6@sciencedaily.com,784-292-4116,Devcast,true
644,Averyl,Averyl Aveson,aavesoni7@51.la,120-366-8227,Yambee,false
2,Brannon,Brannon Gyse,bgysei8@t-online.de,585-579-7047,Kwideo,true
3,Kimberley,Kimberley Atrill,katrilli9@symantec.com,191-205-3407,Cogidoo,true
4,Marlowe,Marlowe Hucke,mhuckeia@wordpress.org,364-330-3336,Mycat,false
34803,Fraze,Fraze Abrahams,fabrahamsib@omniture.com,766-285-1467,Rhybox,false
27,Katlin,Katlin Sackler,ksackleric@yelp.com,265-455-8129,Edgeify,true
4,Rozina,Rozina Dudson,rdudsonid@sourceforge.net,885-659-1167,Twitterbeat,false
716,Dayna,Dayna Kubasek,dkubasekie@discovery.com,264-901-3493,Voonyx,true
0068,Susie,Susie Gadsdon,sgadsdonif@gizmodo.com,840-550-3559,Flipbug,true
696,Adan,Adan Quartermaine,aquartermaineig@deviantart.com,986-699-4098,Linklinks,false
146,Melva,Melva Petrashkov,mpetrashkovih@weather.com,389-312-8433,Ooba,false
72,Ermentrude,Ermentrude Swaby,eswabyii@tripadvisor.com,219-878-3898,Babbleblab,true
02,Johnna,Johnna Damato,jdamatoij@bloglines.com,731-726-9814,Voolith,false
6,Corabella,Corabella Moreside,cmoresideik@creativecommons.org,534-447-9049,Youbridge,false
55,Burton,Burton Currier,bcurrieril@tumblr.com,933-253-0766,Midel,true
0,Ferne,Ferne Duddan,fduddanim@craigslist.org,425-354-3035,Vipe,false
1923,Sheeree,Sheeree Lorinez,slorinezin@reverbnation.com,533-845-0968,Jaxnation,true
235,Annalee,Annalee Burnsell,aburnsellio@mlb.com,108-175-7688,Realfire,false
8,Harrietta,Harrietta Van Cassel,hvanip@prnewswire.com,168-810-9614,Jamia,true
731,Aurthur,Aurthur Pleasants,apleasantsiq@si.edu,934-192-1370,Thoughtbeat,true
7823,Bendix,Bendix Crayton,bcraytonir@howstuffworks.com,346-204-7191,Photojam,true
453,Thedric,Thedric McMichan,tmcmichanis@feedburner.com,358-265-8349,Dabvine,false
211,Any,Any Yukhnini,ayukhniniit@liveinternet.ru,947-144-5999,Feednation,true
0,Sonni,Sonni Eshelby,seshelbyiu@shutterfly.com,256-120-4260,Babbleopia,true
3,Mendie,Mendie Feely,mfeelyiv@theguardian.com,780-996-6644,Twitterbeat,false
75,Randi,Randi Newe,rneweiw@usda.gov,484-574-2227,Yambee,true
18637,Prudence,Prudence Stivers,pstiversix@hexun.com,782-109-7756,Realpoint,true
2,Anna,Anna Insull,ainsulliy@yale.edu,874-321-7147,Npath,false
7886,Talia,Talia Tomlins,ttomlinsiz@vkontakte.ru,535-484-1417,Fivespan,false
29386,Celinka,Celinka Smaridge,csmaridgej0@51.la,597-949-8851,Eimbee,false
8,Niko,Niko Conlon,nconlonj1@cocolog-nifty.com,388-276-5783,Kwilith,true
33592,Lesly,Lesly Jirus,ljirusj2@mit.edu,166-903-1220,Jabbertype,false
180,Benni,Benni Sindell,bsindellj3@dell.com,908-636-1591,Tekfly,false
45,Ike,Ike Mulvin,imulvinj4@eventbrite.com,394-595-0761,Buzzbean,true
37975,Breena,Breena Tattoo,btattooj5@unblog.fr,944-831-8493,Gigabox,true
36612,Drucie,Drucie Dugan,dduganj6@ocn.ne.jp,274-944-5120,Kwilith,true
70845,Ema,Ema Bartoli,ebartolij7@godaddy.com,756-124-1071,Oyondu,false
8,Skye,Skye Oxtaby,soxtabyj8@reference.com,504-137-0674,Aibox,false
2778,Washington,Washington Tangye,wtangyej9@google.co.jp,590-583-0259,Trilith,false
85,Van,Van Fechnie,vfechnieja@freewebs.com,588-852-1295,Photospace,false
212,Boycey,Boycey Coomber,bcoomberjb@360.cn,662-399-7009,Realpoint,false
574,Kahlil,Kahlil Mennithorp,kmennithorpjc@a8.net,146-363-6419,Trilia,false
99,Ermentrude,Ermentrude Dunne,edunnejd@unblog.fr,573-398-7545,Zooxo,false
62,Read,Read Brychan,rbrychanje@house.gov,584-382-7308,Skiptube,false
9733,Saunders,Saunders Bowell,sbowelljf@nyu.edu,107-669-8641,Camimbo,false
0,Wernher,Wernher Flipsen,wflipsenjg@google.com,868-599-0238,Vinder,true
6063,Karry,Karry Trusdale,ktrusdalejh@furl.net,505-602-3654,Agivu,false
4,Tamarra,Tamarra Youdell,tyoudellji@jugem.jp,187-588-5399,Skivee,false
26,Brunhilda,Brunhilda Regina,breginajj@joomla.org,897-943-5845,Rhyloo,true
47,Jeannie,Jeannie Ovid,jovidjk@com.com,436-107-7377,Jaloo,true
6836,Christalle,Christalle Rafe,crafejl@shinystat.com,527-351-7330,Teklist,true
16347,Quill,Quill Cardenas,qcardenasjm@booking.com,699-588-3990,Layo,true
68,Kurtis,Kurtis Manford,kmanfordjn@engadget.com,825-786-0977,Youbridge,true
1435,Caresse,Caresse Cheesman,ccheesmanjo@google.de,856-309-8500,Skipfire,false
9,Ermina,Ermina Whitley,ewhitleyjp@harvard.edu,145-694-3615,Shufflebeat,false
91855,Winfred,Winfred Ramelet,wrameletjq@newyorker.com,691-723-3802,Oyondu,true
591,Isador,Isador Cherm,ichermjr@tripadvisor.com,449-461-1349,Ailane,true
5,Vin,Vin Dairton,vdairtonjs@blog.com,140-868-8211,Cogibox,false
4,Jacquelin,Jacquelin Froggatt,jfroggattjt@hhs.gov,411-163-3441,Quinu,true
768,Kaycee,Kaycee Flaws,kflawsju@mayoclinic.com,466-720-7437,Shuffledrive,false
038,Lotte,Lotte Nardi,lnardijv@smh.com.au,588-591-4222,Shufflebeat,false
33,Xenia,Xenia Lipmann,xlipmannjw@meetup.com,423-163-6902,Babbleopia,true
55536,Franz,Franz Lawrenceson,flawrencesonjx@omniture.com,526-410-3461,Skalith,true
5196,Trudey,Trudey Blackster,tblacksterjy@marriott.com,492-423-9919,Tambee,true
21,Modestine,Modestine Hoxey,mhoxeyjz@fotki.com,281-739-6894,Yadel,false
77,Benedikt,Benedikt Stoneley,bstoneleyk0@live.com,752-789-4978,Realbuzz,true
311,Dusty,Dusty Standell,dstandellk1@networkadvertising.org,833-415-6366,Blognation,true
4,Ardelia,Ardelia Zannelli,azannellik2@noaa.gov,809-950-8604,Linklinks,true
76,Risa,Risa Fidilis,rfidilisk3@cloudflare.com,987-794-2542,Flashset,true
40,Anallese,Anallese Charsley,acharsleyk4@live.com,577-661-8227,Photospace,false
486,Madelaine,Madelaine Loche,mlochek5@51.la,866-140-8953,Gabtune,false
39638,Rozina,Rozina Troake,rtroakek6@xing.com,689-105-7042,Zooveo,false
7831,Mendie,Mendie Pimlett,mpimlettk7@vkontakte.ru,372-482-0072,Skippad,true
37,Somerset,Somerset Stanwix,sstanwixk8@twitpic.com,455-794-9168,Vitz,false
676,Karlee,Karlee Carlisso,kcarlissok9@hexun.com,423-567-7821,Devshare,true
91,Gusella,Gusella McCosker,gmccoskerka@weather.com,994-697-2041,Plambee,true
51231,Tad,Tad Missenden,tmissendenkb@ovh.net,702-281-6042,Kazu,true
48547,Garreth,Garreth Coners,gconerskc@lulu.com,782-432-7778,Tagfeed,false
24125,Barbra,Barbra Beckson,bbecksonkd@creativecommons.org,663-342-2305,Centimia,true
4,Sammy,Sammy Durdan,sdurdanke@samsung.com,862-803-6263,Skinix,true
26622,Regine,Regine Marcq,rmarcqkf@google.com.br,221-785-8238,Quinu,false
2857,Jordan,Jordan Britto,jbrittokg@bandcamp.com,779-159-0426,Skaboo,false
747,Danette,Danette Stitch,dstitchkh@wikipedia.org,237-887-8125,Buzzdog,false
2379,Florian,Florian Bridson,fbridsonki@businessinsider.com,562-811-3458,Devify,true
9,Manfred,Manfred Gittis,mgittiskj@weibo.com,978-625-2699,Jaxspan,false
1,Alie,Alie Jacop,ajacopkk@google.ru,639-559-3142,Lazz,false
41,Georgiana,Georgiana Chavrin,gchavrinkl@dedecms.com,465-747-9633,Viva,true
46932,Fey,Fey Gammett,fgammettkm@i2i.jp,270-120-8382,Zoombox,false
2,Vic,Vic Brazur,vbrazurkn@mashable.com,786-854-6477,Twitternation,false
59772,Levey,Levey Weston,lwestonko@elegantthemes.com,596-535-0360,Teklist,true
9,Virgie,Virgie Clementel,vclementelkp@webmd.com,839-543-6712,Skyvu,true
0,Gale,Gale Girt,ggirtkq@flavors.me,527-857-0208,Buzzster,true
60604,Bryn,Bryn Purseglove,bpurseglovekr@symantec.com,446-133-1421,Skimia,false
00,Yorgos,Yorgos Camblin,ycamblinks@cornell.edu,508-817-0968,Devbug,false
10,Granny,Granny Lyosik,glyosikkt@etsy.com,163-518-1979,Wordify,false
263,Naoma,Naoma Postle,npostleku@reverbnation.com,754-116-9039,Thoughtstorm,false
0250,Hi,Hi Domenichini,hdomenichinikv@japanpost.jp,573-726-6194,Realblab,false
22,Fabe,Fabe Willicott,fwillicottkw@mashable.com,960-231-0591,Avamm,true
46,Geno,Geno Carnew,gcarnewkx@prnewswire.com,226-971-1837,Kanoodle,false
8772,Bonita,Bonita Sockell,bsockellky@thetimes.co.uk,752-569-1903,Bubblebox,true
12389,Maybelle,Maybelle Paddie,mpaddiekz@goodreads.com,779-885-6143,Zoomzone,false
53,Oswald,Oswald Petr,opetrl0@blogspot.com,455-941-2197,Chatterbridge,true
07616,Ediva,Ediva Blewis,eblewisl1@privacy.gov.au,679-228-7771,Quinu,true
21,Davin,Davin Slocomb,dslocombl2@mapy.cz,834-696-5474,Kwinu,true
226,Nickolas,Nickolas Gouldthorpe,ngouldthorpel3@bloomberg.com,401-435-7924,Youspan,true
5363,Karyn,Karyn Fihelly,kfihellyl4@taobao.com,750-579-5055,Edgetag,false
21915,Isaiah,Isaiah Elnor,ielnorl5@cyberchimps.com,859-446-7987,Quire,true
4442,Barry,Barry Barthram,bbarthraml6@ebay.co.uk,293-410-4348,Feedfish,false
8,Delia,Delia Desantis,ddesantisl7@senate.gov,852-714-4717,Izio,false
7,Kaspar,Kaspar Kolakovic,kkolakovicl8@weibo.com,164-340-7592,Katz,false
52627,Dodi,Dodi Banstead,dbansteadl9@guardian.co.uk,820-772-3696,Jaxworks,true
89,Faydra,Faydra Hairyes,fhairyesla@cargocollective.com,102-765-4868,Tekfly,false
2,Helen,Helen Blackmoor,hblackmoorlb@cafepress.com,474-681-6471,Oyoba,false
99,Merle,Merle Gurney,mgurneylc@reference.com,436-678-7671,Livetube,false
6,Ludovika,Ludovika Woods,lwoodsld@facebook.com,412-813-2039,Voomm,false
153,Tiertza,Tiertza Biaggioli,tbiaggiolile@youku.com,575-662-4130,Thoughtmix,false
79807,Delmore,Delmore Carrington,dcarringtonlf@shop-pro.jp,746-525-6527,Riffpath,false
97353,Cordie,Cordie McDonnell,cmcdonnelllg@1und1.de,380-580-7901,Vitz,true
9,Deirdre,Deirdre Barbera,dbarberalh@wsj.com,563-940-9810,Pixope,false
21321,Lina,Lina Leyfield,lleyfieldli@edublogs.org,895-746-6790,Trudoo,true
959,Christiano,Christiano Thorndale,cthorndalelj@si.edu,562-834-1219,Geba,false
072,Lucien,Lucien Kemish,lkemishlk@answers.com,331-570-1060,Fivechat,true
5,Prudi,Prudi Alywin,palywinll@youtu.be,200-620-5928,Twitterbeat,true
13,Oralie,Oralie Gerrietz,ogerrietzlm@angelfire.com,362-347-1845,Jaxnation,false
2,Sayres,Sayres Valiant,svaliantln@ustream.tv,261-898-9142,Abata,true
700,Scarlet,Scarlet Noades,snoadeslo@guardian.co.uk,477-971-9315,Camido,false
7284,Fleurette,Fleurette Scougal,fscougallp@miibeian.gov.cn,681-462-7416,Oloo,true
83,Foss,Foss Ekkel,fekkellq@google.ru,453-565-9144,Skinder,true
44,Ronna,Ronna Wildash,rwildashlr@last.fm,479-998-7664,Jaxworks,false
911,Melitta,Melitta Cursey,mcurseyls@elpais.com,500-822-0624,Ooba,true
59228,Ema,Ema Carlesso,ecarlessolt@biglobe.ne.jp,542-288-4728,Mudo,true
9,Kylen,Kylen Shellcross,kshellcrosslu@domainmarket.com,250-254-7216,Jaloo,false
18237,Gaelan,Gaelan Deshorts,gdeshortslv@yahoo.com,358-785-6765,Dynazzy,false
8,Minta,Minta Barnsdall,mbarnsdalllw@vkontakte.ru,869-925-2540,Agivu,true
24,Norry,Norry Ouldred,nouldredlx@bloomberg.com,794-424-3736,Demivee,false
4265,Donal,Donal Jarrel,djarrelly@com.com,913-630-2647,Jaloo,true
84763,Jamey,Jamey Tearney,jtearneylz@engadget.com,550-713-4792,Youspan,false
3,Eamon,Eamon Sketch,esketchm0@google.com.hk,997-206-1306,Feedspan,false
40,Claudian,Claudian Belloch,cbellochm1@youtu.be,146-906-7949,Flashpoint,true
63,Kerry,Kerry Duffer,kdufferm2@baidu.com,984-656-1468,Voomm,false
38,Melantha,Melantha Vivians,mviviansm3@jigsy.com,977-140-7549,Wikivu,true
48,Amalee,Amalee McCuish,amccuishm4@springer.com,474-290-7809,Riffpedia,true
877,Paulie,Paulie Littler,plittlerm5@tinyurl.com,918-440-7810,Zooxo,false
301,Vonni,Vonni Rankling,vranklingm6@vistaprint.com,613-945-3286,Meemm,true
8633,Phil,Phil Fosbraey,pfosbraeym7@simplemachines.org,405-781-2113,Centizu,false
5,Patton,Patton McCulley,pmcculleym8@flickr.com,556-630-2954,Shufflester,true
03,Johnnie,Johnnie Boxer,jboxerm9@behance.net,781-449-9258,Dynabox,true
11,Magdalena,Magdalena Roget,mrogetma@auda.org.au,791-459-1167,Rhycero,false
838,Sterling,Sterling Maleham,smalehammb@prnewswire.com,653-916-3733,Cogibox,true
6809,Frans,Frans Gibard,fgibardmc@desdev.cn,896-721-7547,InnoZ,true
234,Jaine,Jaine Swindley,jswindleymd@amazon.de,828-849-3252,Twinte,false
1340,Waylin,Waylin Cannicott,wcannicottme@drupal.org,534-697-3262,Quatz,false
624,Cad,Cad Harston,charstonmf@com.com,648-110-3404,Twimbo,true
69416,Wenona,Wenona Skingley,wskingleymg@berkeley.edu,854-458-1068,Reallinks,true
3045,Dante,Dante Riceards,driceardsmh@elegantthemes.com,953-529-1263,Skynoodle,false
16,Ellette,Ellette Kleinzweig,ekleinzweigmi@amazon.co.uk,317-834-9746,Aimbu,true
7,Leontine,Leontine FitzGibbon,lfitzgibbonmj@gravatar.com,244-476-2453,Jaxnation,false
56074,Iorgos,Iorgos Nystrom,inystrommk@cam.ac.uk,735-149-3888,Thoughtbridge,true
0,Kathryne,Kathryne Hammel,khammelml@unc.edu,950-860-9777,Feedfish,true
75,Linzy,Linzy Giorgietto,lgiorgiettomm@livejournal.com,604-243-3876,Roombo,false
24053,Andria,Andria Pozzi,apozzimn@theatlantic.com,797-682-3150,Fadeo,false
42778,Mario,Mario Tilby,mtilbymo@elegantthemes.com,822-655-0043,Eimbee,true
8416,Sascha,Sascha Adair,sadairmp@bluehost.com,390-181-7148,Eabox,true
8204,Ana,Ana Coltman,acoltmanmq@blogspot.com,316-713-5261,Demizz,true
8616,Toma,Toma Breckwell,tbreckwellmr@ameblo.jp,668-752-7158,Voonyx,false
01392,Rodrique,Rodrique Hanshawe,rhanshawems@va.gov,127-905-2316,Yodoo,false
003,Dougie,Dougie Bunten,dbuntenmt@chicagotribune.com,878-301-7126,Voonder,true
4269,Lira,Lira Mathers,lmathersmu@google.cn,725-964-3071,Jaxnation,false
6,Blondy,Blondy Hallgarth,bhallgarthmv@cnbc.com,829-131-3349,Voolia,true
5052,Charlean,Charlean MacCrachen,cmaccrachenmw@latimes.com,778-811-6716,Babbleset,false
84,Merridie,Merridie Jirak,mjirakmx@irs.gov,972-864-6088,Skimia,false
157,Lishe,Lishe Guilfoyle,lguilfoylemy@digg.com,918-571-2988,BlogXS,false
231,Gabriel,Gabriel Gee,ggeemz@bluehost.com,657-210-2483,Realcube,true
4,Catina,Catina Raffon,craffonn0@multiply.com,586-208-2460,Gabspot,false
3,Trevor,Trevor Franke,tfranken1@4shared.com,496-139-6889,Jayo,true
73,Matthus,Matthus Bothe,mbothen2@pen.io,604-540-9948,Aivee,false
853,Jordan,Jordan Dunabie,jdunabien3@zimbio.com,873-432-6085,Mydo,true
93290,Dunc,Dunc Benoist,dbenoistn4@bloomberg.com,518-528-6875,Flashset,false
864,Elisha,Elisha Pond,epondn5@angelfire.com,219-771-3021,Demimbu,true
37639,Bebe,Bebe Petry,bpetryn6@jugem.jp,632-653-1028,Wikizz,true
3,Rosy,Rosy Paradin,rparadinn7@intel.com,164-874-4609,DabZ,false
8019,Coral,Coral Eckh,ceckhn8@nba.com,161-665-6451,Lajo,false
327,Tamar,Tamar Burtonshaw,tburtonshawn9@dropbox.com,955-400-2857,Mynte,true
95420,Dagmar,Dagmar Marshalleck,dmarshalleckna@hc360.com,478-168-0742,Skinix,false
8,Madeline,Madeline Chill,mchillnb@posterous.com,262-665-3307,Dabfeed,true
87,Iggie,Iggie MacCathay,imaccathaync@cocolog-nifty.com,283-205-8024,Mynte,false
4,Kennith,Kennith Sheeran,ksheerannd@nymag.com,546-917-3195,Browseblab,true
3418,Berne,Berne Dalmon,bdalmonne@ibm.com,321-688-3588,Youtags,true
67351,Silvia,Silvia Thorsby,sthorsbynf@naver.com,987-580-6193,Skyba,true
6817,Lindon,Lindon Tupie,ltupieng@squidoo.com,786-447-6720,Kwimbee,false
5142,Yolanthe,Yolanthe Ashman,yashmannh@edublogs.org,797-208-6049,Divape,true
52,Evangelia,Evangelia Trudgian,etrudgianni@nifty.com,562-190-4008,Shuffledrive,false
42880,Cybill,Cybill Klugman,cklugmannj@e-recht24.de,573-604-8680,Tagtune,true
90,Haley,Haley Summers,hsummersnk@umn.edu,278-840-7875,Dabshots,true
82178,Chen,Chen Wythill,cwythillnl@4shared.com,984-701-0402,Livetube,true
00,Saw,Saw Cornborough,scornboroughnm@i2i.jp,706-749-5843,Brightbean,true
627,Albie,Albie Harley,aharleynn@linkedin.com,643-719-5052,Skalith,false
99,Ashlen,Ashlen Leishman,aleishmanno@github.io,355-236-8169,Agimba,true
50676,Austine,Austine Carnell,acarnellnp@ocn.ne.jp,499-607-0381,Yabox,false
06,Amie,Amie Girardy,agirardynq@princeton.edu,614-745-7522,Browsezoom,false
336,Emily,Emily Cumberbatch,ecumberbatchnr@biglobe.ne.jp,106-543-6382,Vimbo,false
98165,Jdavie,Jdavie Ladson,jladsonns@noaa.gov,335-770-6422,Npath,true
5593,Agnella,Agnella Sapseed,asapseednt@google.it,957-613-6390,Yamia,true
9719,Christabel,Christabel Polle,cpollenu@plala.or.jp,468-758-5260,Flashpoint,false
6,Temp,Temp Banthorpe,tbanthorpenv@redcross.org,761-700-9990,Ntag,true
903,Chrisy,Chrisy Broadfield,cbroadfieldnw@accuweather.com,416-217-8591,Feedfire,false
9,Garold,Garold Kelcher,gkelchernx@weather.com,191-422-0822,Devify,true
1,Lilly,Lilly Milbank,lmilbankny@marriott.com,886-780-7761,Minyx,true
23,Miriam,Miriam Cowdry,mcowdrynz@plala.or.jp,541-760-0404,Buzzster,true
75828,Keefer,Keefer Lockless,klocklesso0@meetup.com,725-617-0397,Fliptune,true
06592,Godfrey,Godfrey Resun,gresuno1@blinklist.com,170-669-7459,Devpoint,true
417,Dyane,Dyane Batterton,dbattertono2@scientificamerican.com,720-824-7835,Browsecat,true
813,Shelley,Shelley Pinner,spinnero3@weather.com,673-842-4922,Browsezoom,true
2,Garreth,Garreth Niland,gnilando4@mayoclinic.com,332-744-8612,Kare,false
1,Norry,Norry Zavattari,nzavattario5@topsy.com,112-971-8058,Fivechat,false
18,Jarred,Jarred Hellis,jhelliso6@nifty.com,381-856-5228,Yamia,true
2218,Tabby,Tabby Pughe,tpugheo7@joomla.org,930-666-3479,Browsedrive,false
8092,Jolene,Jolene Breeton,jbreetono8@berkeley.edu,892-886-3723,Tavu,true
40,Mollee,Mollee Ragsdale,mragsdaleo9@friendfeed.com,725-866-8934,Gabtune,true
85,Phillie,Phillie Thackeray,pthackerayoa@tumblr.com,548-127-2266,Flashpoint,true
9,Matty,Matty Caitlin,mcaitlinob@adobe.com,182-102-5640,Fivechat,true
29646,Enriqueta,Enriqueta Heathorn,eheathornoc@51.la,714-423-4545,Quinu,true
5511,Elvina,Elvina Scowen,escowenod@arstechnica.com,998-580-3450,Twitterbridge,false
432,Jacklyn,Jacklyn Tipperton,jtippertonoe@github.io,765-779-2237,Camimbo,false
50408,Ernest,Ernest Laxon,elaxonof@biglobe.ne.jp,433-698-3052,Ntags,false
96232,Pattie,Pattie Springate,pspringateog@51.la,524-656-1381,Skyvu,false
36317,Rosamund,Rosamund Goldster,rgoldsteroh@seesaa.net,641-386-4201,Shufflester,true
3256,Athena,Athena Grinley,agrinleyoi@gmpg.org,974-475-6855,Dablist,true
88,Kassia,Kassia Fullylove,kfullyloveoj@nhs.uk,679-428-9331,Quatz,true
97091,Ulrich,Ulrich Curson,ucursonok@creativecommons.org,112-481-5165,Dabjam,false
0,Nanci,Nanci Drewes,ndrewesol@cbslocal.com,496-688-6909,Demivee,true
16424,Pedro,Pedro Gorey,pgoreyom@t.co,951-993-2369,Zava,false
44,Darci,Darci Lohrensen,dlohrensenon@example.com,169-383-0531,Dynazzy,true
145,Worthy,Worthy Giraudou,wgiraudouoo@ucoz.ru,359-426-9553,Quatz,false
28,Cathee,Cathee Coult,ccoultop@amazon.de,973-578-3325,InnoZ,true
98,Corrie,Corrie Marion,cmarionoq@elpais.com,512-703-7093,Topicware,true
6717,Cassy,Cassy Mertsching,cmertschingor@sina.com.cn,910-250-6346,Skidoo,true
31571,Will,Will Clutterbuck,wclutterbuckos@cyberchimps.com,662-417-8394,Kanoodle,true
8,Derrik,Derrik Bambra,dbambraot@fc2.com,614-934-5543,Kazu,true
94,Rachael,Rachael Earp,rearpou@woothemes.com,907-754-6797,Kimia,true
1,Sarine,Sarine Bonn,sbonnov@google.com.au,716-186-2515,Skinte,false
08,Carlyle,Carlyle Fain,cfainow@vkontakte.ru,950-894-0394,Gigashots,true
0000,Frankie,Frankie Marzella,fmarzellaox@devhub.com,376-392-9293,Tagcat,true
65464,Angel,Angel McKillop,amckillopoy@ucoz.ru,694-752-4093,Realfire,true
9,Maynard,Maynard Millsap,mmillsapoz@dailymail.co.uk,474-734-4427,Wikizz,true
35060,Neville,Neville Eadmeades,neadmeadesp0@yale.edu,879-101-8703,Eare,true
7351,Arvin,Arvin Twomey,atwomeyp1@slideshare.net,503-854-1101,Yabox,true
63,Curr,Curr Adcock,cadcockp2@wunderground.com,191-796-5905,Realbridge,false
5990,Giavani,Giavani Flaunders,gflaundersp3@goo.gl,167-390-9735,Quinu,false
27513,Blinni,Blinni Gowenlock,bgowenlockp4@hp.com,745-388-6158,Yozio,false
1,Hartley,Hartley Bigland,hbiglandp5@squidoo.com,322-324-1168,Ooba,false
589,Michael,Michael Cammomile,mcammomilep6@naver.com,760-383-1172,Brainbox,true
736,Clemmy,Clemmy Le Fevre,clep7@omniture.com,681-343-6602,Flipbug,true
9,Lemmy,Lemmy Havelin,lhavelinp8@disqus.com,819-287-4931,Dynabox,true
1,Baudoin,Baudoin Avann,bavannp9@nbcnews.com,187-411-1920,Oloo,true
89,Brittne,Brittne Eighteen,beighteenpa@usda.gov,636-537-7237,Eayo,false
288,Stanford,Stanford Scase,sscasepb@ucsd.edu,950-622-4449,Chatterpoint,false
11284,Marielle,Marielle Wraighte,mwraightepc@acquirethisname.com,801-136-6823,Feedspan,true
74,Hillier,Hillier Swynley,hswynleypd@feedburner.com,928-513-6432,Tekfly,false
22971,Mindy,Mindy Benet,mbenetpe@yellowbook.com,892-183-6585,Voomm,true
14820,Juli,Juli Salaman,jsalamanpf@washington.edu,513-287-8078,Riffwire,false
113,Ritchie,Ritchie Bessett,rbessettpg@histats.com,387-995-5273,Kare,true
585,Douglass,Douglass Fowls,dfowlsph@google.ru,555-396-5232,Quire,false
12355,Richmond,Richmond Partrick,rpartrickpi@live.com,589-944-7105,Thoughtblab,false
87512,Virgina,Virgina McAleese,vmcaleesepj@accuweather.com,808-341-7306,Flipopia,true
72386,Vanni,Vanni Tewkesbury,vtewkesburypk@zimbio.com,108-725-5377,Quatz,false
4,Eddie,Eddie Sandels,esandelspl@google.de,414-781-1101,Voomm,false
198,Dasya,Dasya Emons,demonspm@apple.com,372-296-3219,Browsedrive,true
14720,Twila,Twila Stetson,tstetsonpn@washingtonpost.com,177-862-4527,Topicblab,false
1,Cullie,Cullie Ranger,crangerpo@indiegogo.com,604-108-7405,Demimbu,true
94,Chester,Chester Evitt,cevittpp@npr.org,641-634-0300,Jaxworks,true
080,Vivie,Vivie Swalwell,vswalwellpq@addtoany.com,552-957-0380,Kayveo,true
04,Janice,Janice Crosswaite,jcrosswaitepr@newyorker.com,536-344-8814,Devpoint,false
8,Lonna,Lonna Gabites,lgabitesps@blogtalkradio.com,711-405-1938,Gigashots,true
391,Brita,Brita Crombleholme,bcrombleholmept@4shared.com,713-126-7732,Realfire,true
88,Emlynn,Emlynn Boch,ebochpu@vistaprint.com,664-319-2754,Browsedrive,true
1038,Kasper,Kasper Hopfer,khopferpv@cpanel.net,400-585-3649,Yodoo,true
44,Bryanty,Bryanty Pietranek,bpietranekpw@ovh.net,374-421-7610,Shuffletag,false
379,Rayshell,Rayshell Mould,rmouldpx@spiegel.de,689-173-4436,Babbleset,true
591,Candice,Candice Rohlfing,crohlfingpy@about.com,608-957-4541,Riffwire,true
89,Mallory,Mallory Kidwell,mkidwellpz@php.net,794-943-8396,Jabbertype,true
2627,Rani,Rani Duesberry,rduesberryq0@bbb.org,601-352-8667,Voolia,false
05287,Pammy,Pammy Kestian,pkestianq1@hud.gov,662-432-5208,Tazz,false
3,Cooper,Cooper Bamber,cbamberq2@xing.com,361-698-5370,Pixope,false
1017,Suellen,Suellen Southway,ssouthwayq3@unicef.org,571-258-1494,Skyble,false
93,Felita,Felita Dunan,fdunanq4@cbslocal.com,652-949-3950,Lazz,false
7193,Lorette,Lorette Doogood,ldoogoodq5@google.com.hk,219-962-5298,Quatz,true
65,Zachary,Zachary Khan,zkhanq6@diigo.com,816-646-8194,Dynabox,true
258,Bibi,Bibi Fehners,bfehnersq7@bloomberg.com,226-509-6032,Aibox,false
7,Linet,Linet Langfat,llangfatq8@oakley.com,181-213-2911,Jayo,false
221,Annabell,Annabell Dibsdale,adibsdaleq9@amazon.de,723-569-7079,Zooxo,false
35414,Leontine,Leontine Gotobed,lgotobedqa@cargocollective.com,774-969-6371,Zoombeat,true
24,Othilia,Othilia Chartre,ochartreqb@macromedia.com,474-338-1430,Wordpedia,false
4,Karoline,Karoline Cheston,kchestonqc@bbc.co.uk,196-235-2657,Tavu,true
8,Tadd,Tadd Cattemull,tcattemullqd@weibo.com,834-522-3972,Bluejam,true
68886,Waverly,Waverly Aspray,wasprayqe@wikispaces.com,462-388-4049,Yambee,true
3328,Marlo,Marlo Hughland,mhughlandqf@toplist.cz,144-649-4791,Oodoo,true
92,Kristien,Kristien Beaumont,kbeaumontqg@xing.com,292-922-9796,Abata,true
4,Hiram,Hiram Kenealy,hkenealyqh@cyberchimps.com,889-453-9212,Kayveo,false
797,Augy,Augy Cardenosa,acardenosaqi@cisco.com,114-683-1331,Cogidoo,false
915,Lana,Lana Howselee,lhowseleeqj@globo.com,871-658-0238,Dabfeed,true
89382,Sasha,Sasha Sposito,sspositoqk@house.gov,553-505-4189,Devify,true
28952,Angeli,Angeli Dockreay,adockreayql@devhub.com,281-855-7826,Kwilith,true
46,Michele,Michele Archer,marcherqm@a8.net,168-376-4375,Centidel,true
1173,Garner,Garner Tyres,gtyresqn@rambler.ru,242-733-1357,Zoomzone,true
9807,Vale,Vale Terren,vterrenqo@friendfeed.com,208-196-5602,Youfeed,false
7,Adey,Adey Spinks,aspinksqp@e-recht24.de,959-975-4816,Flipstorm,false
7,Flossi,Flossi Paton,fpatonqq@mlb.com,690-217-9040,Ntags,true
33072,Kania,Kania Palser,kpalserqr@howstuffworks.com,375-136-5579,Twitterlist,false
902,Anne-corinne,Anne-corinne Mathieson,amathiesonqs@gov.uk,493-225-5399,Brainsphere,true
475,Ardelle,Ardelle Ivankov,aivankovqt@kickstarter.com,316-513-6857,Youspan,true
9339,Janel,Janel Sillett,jsillettqu@trellian.com,167-935-2412,Yakijo,false
068,Dunn,Dunn Brookes,dbrookesqv@simplemachines.org,560-358-8382,Digitube,false
72468,Westleigh,Westleigh Churchyard,wchurchyardqw@vinaora.com,591-283-0257,Skyvu,false
152,Jory,Jory Oneile,joneileqx@spiegel.de,334-658-2644,Tagfeed,true
993,Glori,Glori Bartlomiejczyk,gbartlomiejczykqy@com.com,484-703-4380,Centizu,false
66,Caro,Caro Beggs,cbeggsqz@techcrunch.com,285-202-2135,Quamba,false
4458,Clementina,Clementina Muscott,cmuscottr0@army.mil,265-132-6260,Eamia,false
2,Seumas,Seumas Yanne,syanner1@google.de,833-370-1260,Zoomlounge,true
45052,Sibelle,Sibelle Beverley,sbeverleyr2@ucoz.com,362-448-9032,Realbuzz,false
4,Claudius,Claudius Mattson,cmattsonr3@whitehouse.gov,140-358-1596,Rhyloo,false
291,Erik,Erik Wilsey,ewilseyr4@nasa.gov,683-574-5026,Devpulse,true
22,Laurice,Laurice Clatworthy,lclatworthyr5@reddit.com,142-730-9697,Avamm,false
21660,Akim,Akim Highnam,ahighnamr6@icq.com,856-190-7703,Jayo,false
35148,Gilberta,Gilberta Matthiesen,gmatthiesenr7@statcounter.com,626-379-9876,Thoughtmix,false
08,Fonz,Fonz Olensby,folensbyr8@mozilla.org,272-947-5567,Eamia,true
86,Normie,Normie McKibbin,nmckibbinr9@digg.com,927-927-7888,Kamba,true
2675,Adam,Adam Motherwell,amotherwellra@behance.net,736-429-8864,Riffpedia,false
042,Blancha,Blancha Bradd,bbraddrb@comsenz.com,901-876-6780,Fanoodle,false
54,Jacquenetta,Jacquenetta Wilsher,jwilsherrc@ocn.ne.jp,254-748-0773,Yodel,true
3,Val,Val Handscombe,vhandscomberd@hhs.gov,429-230-9941,Flipbug,false
962,Carlin,Carlin Tonbye,ctonbyere@mashable.com,844-593-6384,Demivee,false
98,Bridget,Bridget Cours,bcoursrf@gmpg.org,424-628-1536,Avamba,false
326,Rey,Rey Tincey,rtinceyrg@is.gd,580-825-6511,Buzzbean,true
6,Stephana,Stephana Janota,sjanotarh@phoca.cz,431-832-4321,Wordtune,true
031,Dugald,Dugald Siley,dsileyri@google.es,616-377-3476,Vinder,true
231,Christophe,Christophe Pydcock,cpydcockrj@howstuffworks.com,996-645-7675,Mynte,true
36,Court,Court Corson,ccorsonrk@tamu.edu,768-265-4537,Rhycero,true
49,Gerda,Gerda Mottinelli,gmottinellirl@mlb.com,636-294-2237,Skinix,true
28,Irina,Irina Cowpe,icowperm@photobucket.com,367-968-9492,Voomm,true
0,Kaine,Kaine Smead,ksmeadrn@mac.com,913-164-8255,Shuffletag,true
25103,Rutger,Rutger Cuxon,rcuxonro@angelfire.com,941-482-2444,Realcube,true
83246,Julie,Julie Hardington,jhardingtonrp@ustream.tv,628-417-2330,Camido,true
22359,Suzy,Suzy Butson,sbutsonrq@apache.org,969-428-3655,Topiclounge,false
2934,Aridatha,Aridatha Fair,afairrr@hibu.com,164-910-9687,Myworks,false
